Word,Count
financial,933
identity,585
customers,584
data,545
institutions,528
market,496
services,486
platforms,422
customer,411
digital,388
bank,374
traditional,370
key,367
risk,342
insurance,338
products,336
investors,306
alternative,304
payment,302
investment,296
banks,286
economic,279
payments,275
forum,273
capital,264
implications,263
uncertainties,259
future,252
time,251
access,246
systems,241
providers,234
management,232
based,227
insurers,224
transactions,223
processes,222
system,213
findings,212
lending,211
provide,210
dlt,205
technology,204
process,204
potential,198
business,198
regulatory,198
state,195
scenario,195
opportunities,189
risks,188
large,187
states,184
user,183
regulators,182
users,182
intermediaries,181
solutions,177
incumbents,175
high,173
asset,172
service,171
introduction,170
global,166
conclusion,165
platform,164
smart,158
fis,158
cost,152
credit,152
models,151
trade,150
industry,149
transfer,148
trading,148
real,147
transaction,144
funding,143
automated,142
markets,140
equity,139
product,138
case,138
individual,138
online,137
ecosystem,136
attributes,135
firms,134
ing,133
infrastructure,131
scale,128
entities,127
ability,127
increased,126
mobile,125
current,123
wealth,121
role,119
assets,117
investor,117
deloitte,116
banking,116
distributed,116
low,116
costs,114
impact,112
critical,112
core,112
focus,111
sources,110
network,109
contract,109
activities,108
lenders,107
distribution,106
capabilities,104
offer,104
benefits,104
project,103
number,103
money,102
development,101
additional,100
schemes,100
experience,99
funds,99
lead,98
compliance,98
conditions,98
retrieved,96
individuals,95
innovation,94
shift,94
crowdfunding,94
control,94
loan,93
settlement,93
increasing,92
summary,91
create,90
underwriting,90
private,89
improve,89
group,88
retail,88
ind,88
gain,88
increase,87
limited,86
loss,86
emerging,86
lower,86
managers,86
directly,86
entity,85
fintechs,85
innovations,85
competitive,85
existing,85
connected,85
required,85
companies,84
card,84
cards,83
level,82
set,82
ledger,82
chain,81
growth,80
studies,80
faster,80
legal,79
partnerships,79
today,79
improved,79
mass,76
channels,76
enable,75
single,75
view,75
share,74
competition,73
model,73
account,73
investments,73
head,72
technologies,72
merchants,72
parties,72
change,71
claims,71
players,70
party,70
life,70
personal,70
support,69
reduce,69
sellers,69
adoption,68
increasingly,68
providing,68
ceo,68
standards,67
small,66
open,66
supporting,66
loans,66
raising,66
reduced,66
buyers,66
proxy,66
making,65
start,65
accounts,65
transparency,65
efficiency,65
approach,64
strategy,64
multiple,64
exchange,64
regulator,64
report,63
solution,63
incumbent,63
borrowers,63
authentication,63
government,62
order,62
businesses,62
trust,62
evidence,62
fees,62
result,62
post,62
counterparty,62
strategies,61
execution,61
counterparties,61
offerings,60
pressure,60
external,60
networks,60
interest,60
lack,60
implementation,60
requirements,60
higher,59
driven,59
develop,59
trusted,59
public,58
experts,58
questions,58
member,58
landscape,58
rise,58
demand,58
director,57
ownership,57
require,57
niche,57
rps,57
continue,56
complete,56
manual,56
venture,56
stakeholders,55
savings,55
smaller,55
idps,55
entrants,54
enabling,54
tools,54
visibility,54
specific,54
institutional,53
central,53
social,53
custodian,53
creating,52
advice,52
chief,52
executive,52
including,52
deposits,52
ensure,52
processing,52
deliver,52
facilitate,52
participants,51
security,51
cross,51
team,50
details,50
physical,50
liquidity,50
scenarios,50
company,49
regulations,49
build,49
context,49
rails,49
points,49
continued,49
cash,49
relationships,48
established,48
automation,48
compete,48
return,48
early,48
attribute,48
tech,47
direct,47
robo,47
leading,47
marketplace,47
commercial,47
net,47
contracts,47
clients,46
structure,46
analysis,46
point,46
human,46
offering,46
finance,46
corporation,46
sector,45
driving,45
cases,45
major,45
price,45
connectivity,45
revenue,45
benefit,45
institution,45
reducing,45
stage,45
rehypothecation,45
disruptive,44
characteristics,44
term,44
devices,44
regulation,44
history,44
leveraging,44
diligence,44
sender,44
coco,44
matter,43
work,43
description,43
allowing,43
delivery,43
standard,43
shared,43
shifting,43
local,43
claim,43
partner,42
challenge,42
machines,42
move,42
usage,42
voting,42
face,41
channel,41
manage,41
base,41
creation,41
clearing,41
insurer,41
externalisation,41
servicing,41
disruption,40
officer,40
audit,40
merchant,40
relationship,40
sophisticated,40
uk,39
partners,39
growing,39
consumers,39
canada,39
sharing,39
developed,39
environment,39
drive,39
policies,39
rp,39
subject,38
form,38
successful,38
leverage,38
fraud,38
stored,38
source,38
highly,38
decentralised,38
fintech,37
decision,37
corporate,37
building,37
adjudication,37
liability,37
collection,37
applications,37
loyalty,37
bond,37
sell,37
goods,37
international,36
secure,36
advisory,36
greater,36
ai,36
efforts,36
strong,36
quantitative,36
smarter,36
functions,36
bonds,36
trades,36
idp,36
managing,35
forces,35
deep,35
choose,35
receive,35
larger,35
review,35
invest,35
meet,35
virtual,35
challenges,35
options,35
collateral,35
determine,34
pay,34
broader,34
provider,34
evolve,34
monitor,34
easily,34
offers,34
advantages,34
analytics,34
legacy,34
difficult,34
consolidation,34
track,34
records,34
monitoring,34
levels,34
preferences,34
worth,34
flow,34
transparent,34
seed,34
years,33
exist,33
margins,33
kyc,33
expand,33
position,33
choice,33
pain,33
narrative,33
currency,33
coverage,33
secondary,33
participate,33
provisioning,33
provided,32
securities,32
opportunity,32
outcomes,32
segments,32
changing,32
lines,32
accurate,32
operational,32
algorithmic,32
assessment,31
tax,31
ecosystems,31
total,31
profit,31
effective,31
rates,31
fee,31
improving,31
response,31
full,31
accuracy,31
statements,31
trigger,31
correspondent,31
traders,31
arranger,31
involved,30
professional,30
operating,30
fund,30
understand,30
entry,30
advisors,30
profitability,30
health,30
privacy,30
primary,30
streamlined,30
enables,30
syndicate,30
working,29
understanding,29
focused,29
power,29
long,29
range,29
national,29
grow,29
effectively,29
machine,29
choices,29
governance,29
standardized,29
adopt,29
paints,29
valuable,29
volume,29
billion,29
requires,29
relying,29
basis,28
swift,28
relevant,28
blockchain,28
innovative,28
ings,28
advanced,28
protection,28
designed,28
trends,28
sufficient,28
initiate,28
framework,27
stakeholder,27
serve,27
internal,27
purchase,27
reporting,27
partnership,27
buy,27
seamless,27
remain,27
country,27
economy,27
selection,27
affluent,27
financing,27
events,27
electronic,27
beneficiary,27
issues,26
llp,26
analyses,26
office,26
rapidly,26
rapid,26
barriers,26
automate,26
differentiate,26
aggregation,26
evolution,26
consumer,26
built,26
common,26
big,26
cashless,26
income,26
frequency,26
disaggregation,26
pricing,26
operations,26
perform,26
transform,26
request,26
insuree,26
acknowledgements,25
united,25
responsible,25
members,25
morgan,25
launched,25
enabled,25
success,25
origination,25
connections,25
accessible,25
find,25
organization,25
meant,25
issuers,25
remaining,25
represent,25
increases,25
size,25
community,25
errors,25
performance,25
defined,25
broker,25
citizens,25
documents,25
transferred,25
syndicated,25
expertise,24
rules,24
person,24
senior,24
manufacturers,24
ion,24
identify,24
store,24
economies,24
behaviour,24
engagement,24
balance,24
cloud,24
pressures,24
signs,24
limiting,24
decrease,24
record,24
creates,24
popularity,24
governments,24
limits,24
advantage,24
quality,24
resources,24
supply,24
efficient,24
factors,24
executed,24
multi,24
founder,24
statement,24
capacity,23
protocols,23
returns,23
expectations,23
improvements,23
interact,23
amount,23
play,23
countries,23
areas,23
transfers,23
experiences,23
event,23
intermediary,23
flexible,23
integration,23
sophistication,23
algorithms,23
knowledge,23
complex,23
ensuring,23
decisions,23
default,23
wallet,23
commoditised,23
savers,23
ratio,23
interviews,22
detailed,22
action,22
leaders,22
john,22
portfolio,22
crisis,22
ways,22
innovators,22
function,22
rate,22
technological,22
engage,22
seeking,22
wide,22
manufacturing,22
distributors,22
brand,22
day,22
match,22
occur,22
patterns,22
top,22
playing,22
losses,22
comprehensive,22
connect,22
insurtechs,22
interests,22
exposure,22
population,22
integrated,22
client,22
eliminating,22
side,22
capability,22
natural,22
interoperability,22
terms,22
importer,22
import,22
absorption,22
series,21
collaboration,21
organizations,21
reuters,21
establish,21
techs,21
dependent,21
streamline,21
connecting,21
place,21
retailers,21
seek,21
design,21
purpose,21
amazon,21
house,21
times,21
emerged,21
depending,21
degree,21
wallets,21
groups,21
lose,21
participation,21
telematics,21
margin,21
operator,21
question,21
projects,21
proof,21
centralized,21
consent,21
export,21
votes,21
insights,20
leadership,20
contact,20
guidance,20
president,20
mastercard,20
thomson,20
illustrate,20
held,20
error,20
connection,20
location,20
reach,20
rely,20
collect,20
apps,20
achieve,20
examples,20
addition,20
storage,20
investing,20
overview,20
field,20
hedge,20
created,20
ig,20
ita,20
stickiness,20
lend,20
speed,20
agencies,20
classes,20
equ,20
ity,20
crowdfund,20
frastructure,20
profiles,20
historical,20
generated,20
submission,20
percentage,20
peer,20
address,19
ongoing,19
consulting,19
workshops,19
behaviours,19
acquire,19
expansion,19
tracking,19
european,19
psd,19
longer,19
fewer,19
developing,19
target,19
features,19
enforcement,19
free,19
australia,19
tailored,19
generation,19
area,19
typically,19
methods,19
poor,19
emerge,19
considered,19
news,19
facilitates,19
fi,19
standardised,19
calculation,19
customs,19
affect,18
michael,18
visa,18
proliferation,18
capture,18
add,18
force,18
proposition,18
jurisdictions,18
problems,18
majority,18
agreement,18
incentives,18
types,18
erosion,18
age,18
fixed,18
traditionally,18
agreements,18
differentiated,18
volatility,18
issued,18
aspects,18
condition,18
crowd,18
behalf,18
topic,18
assurance,18
concept,18
dimensions,18
decreased,18
empowerment,18
personalised,18
pledged,18
exporter,18
depiction,18
cast,18
forward,17
rob,17
property,17
shape,17
strategic,17
manager,17
represents,17
clear,17
fully,17
reports,17
suite,17
adapt,17
identified,17
sets,17
facing,17
aggregate,17
scope,17
sustainable,17
participating,17
variety,17
suited,17
complexity,17
takeaways,17
acceptance,17
background,17
average,17
generate,17
alternatives,17
policy,17
hold,17
rewards,17
premiums,17
nature,17
onboarding,17
safe,17
uncertainty,17
proven,17
verify,17
funded,17
rating,17
medium,17
discovery,17
reduction,17
explored,17
intensive,17
eliminate,17
accrue,17
recipient,17
specialised,17
shares,17
assess,17
alignment,17
dttl,16
oversight,16
leader,16
deutsche,16
paul,16
futures,16
dominant,16
flows,16
archetypes,16
roles,16
profitable,16
shopping,16
decline,16
distribute,16
pre,16
competing,16
confirmation,16
offered,16
stress,16
failure,16
simple,16
leads,16
regional,16
uncertain,16
limit,16
exists,16
issuing,16
profile,16
cheaper,16
good,16
approval,16
economics,16
interaction,16
analyse,16
mail,16
reduces,16
liabilities,16
ventures,16
activity,16
gratitude,16
authenticate,16
transact,16
delivered,16
letter,16
registry,16
disintermediation,16
stanley,15
note,15
annual,15
outlook,15
paths,15
enter,15
apple,15
china,15
switch,15
drivers,15
externalization,15
app,15
needed,15
frequently,15
people,15
requiring,15
actions,15
revenues,15
diverse,15
europe,15
path,15
holds,15
currencies,15
bitcoin,15
marketplaces,15
raise,15
asia,15
focusing,15
forbes,15
concerns,15
flexibility,15
convenience,15
difficulty,15
spending,15
cars,15
auto,15
underserved,15
agent,15
white,15
newer,15
class,15
learning,15
managed,15
active,15
consolidated,15
otc,15
credentials,15
vote,15
principal,15
diversified,15
aml,15
inspection,15
auditor,15
galaski,14
david,14
barclays,14
define,14
vice,14
transformative,14
evolutionary,14
broad,14
short,14
parts,14
utilities,14
authority,14
middle,14
regulated,14
follow,14
interactions,14
moving,14
challenging,14
led,14
dive,14
greatly,14
circa,14
functionality,14
sales,14
sale,14
largest,14
differ,14
stores,14
mid,14
apis,14
prices,14
accurately,14
daily,14
vehicles,14
maturity,14
replace,14
diversification,14
categories,14
averse,14
body,14
minimum,14
contributed,14
perspectives,14
validation,14
mechanisms,14
reliable,14
costly,14
issuance,14
fiat,14
contingent,14
adjuster,14
shipment,14
steering,13
committee,13
jesse,13
mcwaters,13
publication,13
ubs,13
facilitated,13
met,13
cycle,13
pools,13
monetization,13
utilizing,13
systemic,13
reinsurer,13
cater,13
acts,13
adding,13
intelligence,13
guide,13
attractive,13
remains,13
adopted,13
push,13
integrate,13
fx,13
fragmentation,13
grows,13
spread,13
linked,13
mutual,13
emergence,13
challenger,13
transferring,13
breach,13
upstream,13
problem,13
viable,13
commission,13
certainty,13
numbers,13
instruments,13
conducted,13
continuously,13
alphabetical,13
andrew,13
unique,13
inefficient,13
filing,13
verified,13
behavioural,13
truth,13
tupas,13
automatically,13
discussed,13
predictions,13
intermediating,13
binding,13
convertible,13
participant,13
consistent,12
chairman,12
independent,12
accounting,12
robert,12
hsbc,12
dtcc,12
peter,12
van,12
meeting,12
stock,12
chains,12
phase,12
shaping,12
geographies,12
agility,12
differentiation,12
rising,12
combined,12
workforce,12
protect,12
partnering,12
front,12
implementing,12
compared,12
selling,12
frameworks,12
unclear,12
gap,12
resolution,12
paypal,12
select,12
journal,12
application,12
operate,12
method,12
improvement,12
grown,12
worldwide,12
year,12
programmes,12
received,12
aggregated,12
evaluate,12
driver,12
bets,12
takes,12
lifestyles,12
erode,12
test,12
owned,12
cyber,12
programme,12
acquisition,12
matching,12
unable,12
expanding,12
buying,12
compelling,12
formation,12
lender,12
prove,12
explore,12
sized,12
advisor,12
bloomberg,12
prevent,12
seedrs,12
stability,12
mechanism,12
expresses,12
storing,12
authorization,12
provision,12
streamlining,12
custodians,12
execute,12
requesting,12
discover,12
realised,12
beneficial,12
reserve,12
renewal,12
invoice,12
tokenized,12
extensive,11
introduced,11
touche,11
casualty,11
blackrock,11
de,11
dives,11
foundation,11
blueprint,11
include,11
york,11
continues,11
differentiating,11
diverging,11
standardize,11
shifts,11
profits,11
starting,11
streams,11
issue,11
employees,11
adopting,11
friendly,11
convergence,11
solve,11
underlying,11
evolved,11
accept,11
union,11
demonstrate,11
border,11
exchanges,11
true,11
paid,11
subsequent,11
initial,11
fast,11
device,11
effort,11
decreases,11
attract,11
drives,11
theft,11
software,11
maintain,11
deal,11
branch,11
file,11
approaches,11
creditworthiness,11
availability,11
approved,11
conduct,11
political,11
touch,11
standardization,11
angel,11
accessibility,11
industries,11
debt,11
confidence,11
operation,11
structures,11
chris,11
identities,11
transacting,11
identifier,11
manually,11
concierge,11
discretionary,11
protocol,11
submit,11
computing,11
illustrations,11
remittance,11
movement,11
obligations,11
financials,11
tests,11
initiative,10
feedback,10
thought,10
allianz,10
santander,10
jp,10
chase,10
bob,10
institute,10
structured,10
extend,10
phone,10
usa,10
overv,10
iew,10
competencies,10
competitors,10
comfortable,10
utility,10
commoditized,10
bought,10
fragmented,10
consequences,10
fail,10
curated,10
improves,10
fundamentally,10
interfaces,10
tool,10
trend,10
decade,10
raised,10
impacting,10
launch,10
factor,10
respond,10
purposes,10
migrate,10
purchases,10
expect,10
link,10
scheme,10
charge,10
lives,10
statistics,10
forcing,10
serves,10
affinity,10
check,10
lifestyle,10
sensors,10
makers,10
marketing,10
exclusive,10
differentiator,10
internet,10
opening,10
techniques,10
sensitive,10
instability,10
excess,10
deeper,10
automating,10
inside,10
consolidate,10
counter,10
giancarlo,10
acting,10
easier,10
holdings,10
matthew,10
society,10
intended,10
basic,10
layer,10
completed,10
exposed,10
documentation,10
database,10
cluster,10
send,10
native,10
centralised,10
settle,10
portion,10
appetite,10
externalised,10
unanswered,10
freight,10
dialogue,9
defining,9
failed,9
february,9
struggle,9
stand,9
google,9
disrupt,9
deploy,9
accelerate,9
distinct,9
reconciliation,9
bridge,9
easy,9
movements,9
collected,9
segment,9
resolved,9
environments,9
artificial,9
america,9
macquarie,9
broaden,9
technical,9
ia,9
served,9
delivering,9
half,9
declining,9
interchange,9
estonia,9
considerably,9
embrace,9
encourage,9
main,9
ultimately,9
turn,9
granular,9
html,9
purchasing,9
sheet,9
fits,9
insider,9
joint,9
media,9
bodies,9
premium,9
agents,9
superior,9
alternatively,9
suit,9
gaps,9
deposit,9
desire,9
breed,9
functionalities,9
activated,9
closely,9
centric,9
bigger,9
thin,9
proprietary,9
edge,9
advisers,9
guaranteed,9
schwab,9
casey,9
enhanced,9
rounds,9
assist,9
liquid,9
collaborate,9
electronification,9
depository,9
transactional,9
innovate,9
robust,9
tom,9
scott,9
aon,9
list,9
identifying,9
gather,9
reputational,9
desired,9
immutable,9
attestations,9
elements,9
archetype,9
communications,9
empowered,9
facilitator,9
buyer,9
templates,9
safekeeping,9
csd,9
included,8
author,8
guarantee,8
legally,8
separate,8
general,8
executives,8
lloyds,8
engaged,8
april,8
direction,8
threat,8
commoditization,8
removing,8
bypass,8
humans,8
regionalization,8
minimize,8
traded,8
pool,8
lowering,8
entire,8
wealthfront,8
awareness,8
controls,8
specialized,8
kingdom,8
owners,8
capable,8
engaging,8
maintaining,8
maintained,8
talent,8
meaning,8
reliance,8
targets,8
absence,8
capturing,8
uncerta,8
int,8
ies,8
cooperation,8
ferences,8
references,8
illustrative,8
visible,8
prime,8
click,8
foreign,8
revolving,8
expected,8
backed,8
implemented,8
concern,8
positioned,8
pictures,8
issuer,8
allowed,8
retain,8
bespoke,8
challenged,8
sold,8
vehicle,8
covered,8
education,8
mandate,8
measure,8
discounts,8
forced,8
developments,8
cutting,8
cover,8
update,8
seamlessly,8
stephen,8
underbanked,8
analytical,8
mortgage,8
proliferate,8
acquiring,8
applied,8
sections,8
fall,8
scaling,8
charles,8
entrepreneurs,8
valuations,8
ensures,8
disclosure,8
generally,8
converge,8
accessed,8
keeping,8
supports,8
cryptographic,8
bruno,8
bill,8
dan,8
james,8
nasdaq,8
kevin,8
consensys,8
vp,8
securekey,8
gleif,8
limitations,8
illicit,8
actors,8
standardizing,8
stolen,8
highlights,8
implement,8
federated,8
incorporate,8
days,8
authenticates,8
finland,8
eliminates,8
version,8
principles,8
financially,8
manner,8
receiving,8
parallel,8
bills,8
tokens,8
clusters,8
analysed,8
reputation,8
arbitrage,8
conversion,8
initiated,8
minimal,8
assumptions,8
doors,8
australian,8
book,8
calculations,8
syndication,8
lading,8
multistakeholder,7
discuss,7
adviser,7
qualified,7
relies,7
harris,7
max,7
consumed,7
impacts,7
evolving,7
decades,7
previous,7
establishing,7
exploration,7
london,7
setting,7
switching,7
material,7
struggled,7
priorities,7
expanded,7
handling,7
complicated,7
vanguard,7
started,7
reaching,7
recommendations,7
universe,7
sectors,7
vendors,7
targeted,7
imperative,7
tested,7
web,7
differences,7
mature,7
slow,7
opposed,7
influence,7
redefine,7
read,7
introduct,7
examines,7
occurred,7
cnbc,7
react,7
overcome,7
eu,7
region,7
demonetization,7
vast,7
wall,7
street,7
potent,7
personalized,7
securely,7
tap,7
integrating,7
conc,7
lus,7
fit,7
production,7
dramatically,7
insure,7
delayed,7
demands,7
south,7
retirement,7
invested,7
verification,7
communication,7
adequate,7
guidelines,7
label,7
likelihood,7
frequent,7
propositions,7
learn,7
called,7
dynamics,7
bureau,7
analysing,7
disparate,7
scalable,7
receivable,7
resolve,7
plans,7
contribution,7
allocation,7
intelligent,7
planning,7
quirk,7
brokerage,7
commodity,7
stocks,7
predefined,7
accepted,7
convenient,7
portfolios,7
expert,7
validate,7
exit,7
input,7
jurisdiction,7
brokers,7
predict,7
efficiencies,7
includes,7
lee,7
discussions,7
hong,7
kong,7
daniel,7
commerzbank,7
alex,7
ripple,7
fundapps,7
citi,7
federal,7
hub,7
inefficiency,7
great,7
tailor,7
involve,7
goals,7
positioning,7
recognition,7
extremely,7
formal,7
enterprise,7
format,7
anti,7
essential,7
gathered,7
determined,7
boundaries,7
evaluation,7
inclusion,7
guiding,7
identification,7
friction,7
rehypothecated,7
metrics,7
restricted,7
modify,7
pos,7
earned,7
fraudulent,7
option,7
leaner,7
commitments,7
personalisation,7
timely,7
subsidisation,7
weather,7
organisations,7
ultra,7
externalise,7
feeds,7
discovered,7
orders,7
shareholder,7
reference,7
agreed,7
repository,7
criteria,7
confirm,7
procedures,7
closing,7
auditors,7
authorized,7
numerous,6
academia,6
holistic,6
official,6
refers,6
referred,6
consult,6
cls,6
william,6
brown,6
claire,6
palatnick,6
cvc,6
nicolas,6
deputy,6
julius,6
baer,6
huw,6
steenis,6
colin,6
reshape,6
laid,6
taxonomy,6
simultaneously,6
empowers,6
document,6
conducting,6
ideas,6
ject,6
months,6
changed,6
willingness,6
static,6
izat,6
inter,6
vulnerable,6
mindshare,6
ubiquity,6
race,6
continually,6
relative,6
mix,6
teams,6
dealing,6
communicate,6
sizes,6
uber,6
collision,6
diverge,6
commerce,6
volumes,6
slice,6
coupled,6
legislation,6
transferwise,6
begun,6
announced,6
club,6
highlighting,6
africa,6
debit,6
enforce,6
replacement,6
messaging,6
comply,6
structural,6
tied,6
reinsurers,6
internally,6
insurtech,6
transformational,6
prosumer,6
cultural,6
targeting,6
younger,6
comfort,6
space,6
extreme,6
feel,6
opt,6
closed,6
prosumers,6
actively,6
outsource,6
narrow,6
staff,6
breaches,6
program,6
firm,6
call,6
spend,6
fulfill,6
tend,6
controlled,6
join,6
broadly,6
optimize,6
falls,6
subprime,6
sustainability,6
insufficient,6
cycles,6
intervention,6
digitally,6
competitiveness,6
licences,6
june,6
zopa,6
differentiators,6
scrutiny,6
aggregators,6
proactively,6
employ,6
inform,6
monoline,6
externalized,6
period,6
kensho,6
express,6
jan,6
mark,6
fundraising,6
wisdom,6
scalability,6
capitalists,6
valuation,6
meaningful,6
sme,6
yield,6
accessing,6
christian,6
suitable,6
widespread,6
quarterly,6
freed,6
algomi,6
special,6
christine,6
commonwealth,6
kim,6
ag,6
lei,6
jeff,6
chance,6
gsma,6
facilitation,6
explores,6
step,6
gathering,6
completion,6
uptake,6
remediation,6
involvement,6
configuration,6
situations,6
consuming,6
protected,6
perceive,6
continuous,6
completing,6
verifies,6
lorem,6
ipsum,6
functional,6
citizen,6
auditing,6
gains,6
considerations,6
study,6
insight,6
refine,6
distributing,6
vendor,6
carry,6
facilitating,6
displacement,6
maintains,6
borrowing,6
promote,6
denominated,6
operators,6
achieving,6
mega,6
specialty,6
individualised,6
burden,6
independently,6
empowering,6
fields,6
sourcing,6
commoditise,6
tolerance,6
projections,6
seller,6
methodology,6
disputes,6
letters,6
officials,6
payable,6
ccps,6
mission,5
applying,5
outreach,5
professionals,5
workshop,5
encouraging,5
collaborative,5
perspective,5
patient,5
fourth,5
tohmatsu,5
craig,5
jason,5
xl,5
creditease,5
hastings,5
dorothy,5
hillenius,5
victor,5
neil,5
justin,5
rutland,5
skowronski,5
davos,5
provisioned,5
presents,5
pioneered,5
disrupted,5
december,5
exploring,5
release,5
definition,5
final,5
pivotal,5
hubs,5
january,5
pace,5
crucial,5
bars,5
turned,5
acquisitions,5
accelerating,5
bases,5
owner,5
regions,5
avoid,5
construction,5
migrating,5
munich,5
etfs,5
derive,5
directive,5
consistency,5
gradually,5
rbc,5
depth,5
solely,5
predictive,5
adds,5
cognitive,5
ayasdi,5
testing,5
mit,5
ft,5
coming,5
losing,5
differing,5
incremental,5
introduce,5
owns,5
strengthen,5
mitigate,5
reading,5
fundamental,5
experiencing,5
intense,5
nontraditional,5
dominance,5
actual,5
eroding,5
wire,5
earn,5
scores,5
forms,5
india,5
type,5
varying,5
original,5
rule,5
passwords,5
gradual,5
inherent,5
hand,5
minimizing,5
double,5
additionally,5
deployed,5
reached,5
prevents,5
deeply,5
presenting,5
negotiating,5
deployment,5
comparison,5
transformation,5
modularity,5
carrier,5
choosing,5
airbnb,5
partnered,5
micro,5
demanding,5
weak,5
demographics,5
simpler,5
offset,5
prevention,5
nest,5
internationally,5
ey,5
proactive,5
battle,5
appeal,5
advancements,5
popular,5
instant,5
stay,5
car,5
efficiently,5
gaining,5
achieved,5
understood,5
complement,5
api,5
layers,5
reliability,5
maintenance,5
branches,5
desirable,5
light,5
lean,5
effectiveness,5
macro,5
lost,5
scoring,5
minutes,5
borrower,5
embed,5
requests,5
consortium,5
diversify,5
introduces,5
fiduciary,5
status,5
excellence,5
language,5
passive,5
continuing,5
ambitious,5
outcome,5
delivers,5
accelerates,5
disclosures,5
deals,5
angellist,5
accredited,5
globally,5
performed,5
crowdfunded,5
empower,5
simplicity,5
wider,5
crowdcube,5
oriented,5
enterprises,5
intermediation,5
promise,5
adjust,5
frank,5
elimination,5
promising,5
facilities,5
enhance,5
intuitive,5
acknow,5
ledgements,5
andre,5
richard,5
bmo,5
spectrum,5
incubator,5
mike,5
chartered,5
eric,5
chekk,5
aire,5
foundational,5
inaccurate,5
linking,5
viability,5
suspicious,5
fact,5
queries,5
ineffective,5
involving,5
possession,5
authenticating,5
biometrics,5
susceptible,5
aadhaar,5
onboard,5
equities,5
eligible,5
verifying,5
veracity,5
registries,5
draw,5
greatest,5
requested,5
logins,5
nemid,5
ledgers,5
initiatives,5
configuring,5
estonian,5
abandonment,5
portal,5
residency,5
reviews,5
bottom,5
authorities,5
situation,5
aligned,5
modules,5
disaggregated,5
eroded,5
specialise,5
organisational,5
percent,5
acquirer,5
code,5
optimise,5
optimal,5
retention,5
gateway,5
tasks,5
prone,5
initiates,5
disaggregate,5
closer,5
surrounding,5
adverse,5
concentration,5
quoting,5
indicators,5
insured,5
experienced,5
steal,5
originations,5
responding,5
assume,5
coupon,5
constraints,5
extraction,5
hypotheses,5
incorporating,5
executing,5
billions,5
levelling,5
stabilising,5
informed,5
corporations,5
examination,5
provenance,5
implementations,5
tokenization,5
accountant,5
adherence,5
performs,5
notified,5
precedent,5
receipt,5
shipped,5
notification,5
prior,5
released,5
prepared,4
august,4
sessions,4
enriched,4
contributions,4
played,4
invaluable,4
industrial,4
revolution,4
grateful,4
generous,4
commitment,4
subsidiaries,4
attest,4
rendering,4
sustained,4
ann,4
flint,4
harte,4
board,4
puth,4
sheedy,4
relations,4
wemmer,4
acknowledge,4
helped,4
christof,4
edel,4
matarranz,4
mumm,4
neukirchen,4
architect,4
pinkham,4
reany,4
teichholtz,4
pine,4
river,4
vandenreydt,4
innotribe,4
close,4
captured,4
pro,4
answer,4
switzerland,4
march,4
goal,4
bar,4
materially,4
pure,4
hyper,4
scaled,4
replicate,4
labour,4
enormous,4
preserve,4
turning,4
monetary,4
permissions,4
positions,4
simplify,4
disintermediate,4
controlling,4
niches,4
depend,4
aggregating,4
balancing,4
naturally,4
suitability,4
comparability,4
favour,4
utilize,4
designing,4
decide,4
collecting,4
compliant,4
forming,4
rest,4
helping,4
impetus,4
trillion,4
chinese,4
competitor,4
divergent,4
discussion,4
jpmorgan,4
organized,4
finding,4
refer,4
migration,4
existent,4
frictionless,4
technologically,4
causing,4
lowest,4
black,4
passed,4
revolvers,4
originally,4
converted,4
modern,4
marginal,4
ubiquitous,4
indian,4
chip,4
info,4
timeline,4
demonstrated,4
simply,4
negative,4
rose,4
decreasing,4
convince,4
rail,4
regulate,4
justify,4
effects,4
suffer,4
stream,4
align,4
customized,4
nascent,4
poised,4
faced,4
responsibility,4
tesla,4
rolled,4
safety,4
extent,4
consumption,4
blurring,4
coverages,4
locations,4
serving,4
modular,4
medical,4
churches,4
yahoo,4
rises,4
assistants,4
hancock,4
vitality,4
inconsistent,4
selecting,4
outsourced,4
pursue,4
aggressively,4
objectives,4
brings,4
architecture,4
american,4
venmo,4
atm,4
heavily,4
inefficiencies,4
ad,4
hoc,4
bbva,4
centres,4
pr,4
newswire,4
component,4
appealing,4
netherlands,4
slowly,4
era,4
impacted,4
cut,4
properly,4
raises,4
forge,4
win,4
reap,4
journey,4
stages,4
globe,4
disrupting,4
adjustments,4
methodologies,4
lendup,4
demonstrating,4
ondeck,4
moments,4
underwrite,4
tradeshift,4
perceived,4
initially,4
normalized,4
bps,4
occurs,4
considerable,4
granularity,4
investopedia,4
derived,4
discount,4
plan,4
pick,4
develops,4
breaking,4
synthesis,4
practices,4
stronger,4
units,4
july,4
exits,4
wise,4
delay,4
entrepreneurship,4
performing,4
syndicateroom,4
telegraph,4
icapital,4
grants,4
interested,4
impactful,4
practice,4
regionally,4
unlock,4
securing,4
rse,4
accounted,4
brexit,4
databases,4
winning,4
venues,4
matches,4
sefs,4
tracing,4
moves,4
constantly,4
wilson,4
smith,4
aig,4
university,4
contributing,4
roundtable,4
francis,4
hamilton,4
western,4
catherine,4
hwan,4
td,4
joel,4
marc,4
mcdonald,4
singh,4
grant,4
,4
davis,4
anna,4
association,4
ian,4
council,4
agency,4
simon,4
nick,4
don,4
clarient,4
topics,4
clarity,4
fs,4
radically,4
overexposure,4
healthcare,4
damage,4
strength,4
username,4
stack,4
components,4
avoidance,4
extended,4
birth,4
assigned,4
operates,4
resilience,4
pitfalls,4
interconnection,4
steps,4
excluded,4
inability,4
determining,4
directors,4
communicated,4
endpoints,4
circumstances,4
preventing,4
email,4
password,4
parameters,4
enhancing,4
loa,4
recipients,4
replicated,4
expose,4
conscious,4
attempting,4
leverages,4
authenticated,4
log,4
digid,4
residents,4
finnish,4
notable,4
leis,4
impossible,4
catalyst,4
exceptions,4
monetize,4
aims,4
updating,4
processed,4
billing,4
laundering,4
prudential,4
subscription,4
filings,4
disruptors,4
disaggregating,4
affairs,4
jeremy,4
circle,4
editor,4
anchor,4
pacific,4
gamma,4
novus,4
diminish,4
things,4
intensified,4
richer,4
intensify,4
skill,4
delays,4
banked,4
measures,4
effortless,4
balances,4
wearable,4
impose,4
utilise,4
failures,4
pesa,4
complements,4
autonomous,4
commoditising,4
securitisation,4
mgmt,4
compare,4
properties,4
safer,4
commoditisation,4
mono,4
illness,4
reacting,4
homes,4
fuller,4
utilising,4
submitted,4
predicted,4
empirical,4
incentivise,4
utilisation,4
delaying,4
complementing,4
conflict,4
excel,4
embedding,4
touchpoints,4
extending,4
solidify,4
indirectly,4
incurred,4
organisation,4
opinions,4
threshold,4
revamping,4
hnw,4
harvesting,4
opinion,4
accountabilities,4
suboptimal,4
updates,4
modelling,4
erroneous,4
redefined,4
specialisation,4
continuity,4
interpretation,4
reverting,4
readable,4
tactics,4
summaries,4
orthodoxies,4
highlight,4
fulfil,4
disintermediates,4
books,4
disbursement,4
notifications,4
embedded,4
cryptocurrency,4
updated,4
predetermined,4
ratios,4
pertinent,4
factoring,4
comparing,4
ambiguity,4
representatives,4
casting,4
notice,4
csds,4
foreword,3
substitute,3
contri,3
cairns,3
axel,3
lehmann,3
anju,3
patwardhan,3
dieter,3
josh,3
thomas,3
americas,3
lena,3
cresnik,3
phd,3
svp,3
evp,3
reflect,3
triggered,3
transforming,3
contents,3
reshaping,3
builds,3
gained,3
unit,3
existence,3
shifted,3
traction,3
deploying,3
shop,3
entering,3
grounds,3
resemble,3
duplicating,3
singapore,3
lowers,3
piece,3
treated,3
offices,3
red,3
bypassing,3
betterment,3
stripe,3
revised,3
threatens,3
mandating,3
emphasizing,3
distributor,3
pass,3
comparable,3
consolidates,3
contrast,3
guard,3
pensions,3
breadth,3
complementary,3
facebook,3
collective,3
launching,3
answers,3
culture,3
unlocking,3
aws,3
suggests,3
interacting,3
falling,3
verticals,3
presence,3
alipay,3
ach,3
localized,3
ground,3
cultivate,3
ahead,3
moment,3
distinctions,3
exceeded,3
phones,3
represented,3
slowed,3
honour,3
branded,3
germany,3
finder,3
elusive,3
benefitted,3
supported,3
roll,3
emv,3
retailer,3
catch,3
themes,3
initiation,3
category,3
reluctant,3
loop,3
tim,3
picture,3
domestic,3
handle,3
hacked,3
recover,3
modernization,3
entrenched,3
lock,3
law,3
bargaining,3
traffic,3
hard,3
tie,3
fight,3
individually,3
habits,3
prefer,3
americans,3
explained,3
hack,3
applicable,3
combinations,3
threatening,3
object,3
reinvent,3
proliferating,3
ils,3
risking,3
cannibalization,3
lifetime,3
varies,3
swiss,3
assessed,3
east,3
ladder,3
nerdwallet,3
homogenization,3
pushed,3
balanced,3
flatlined,3
guy,3
carpenter,3
symantec,3
marsh,3
risen,3
locales,3
advances,3
variable,3
liberty,3
save,3
customizable,3
heavy,3
bifurcation,3
ceases,3
specialize,3
paying,3
missing,3
foster,3
borders,3
adjacent,3
seemingly,3
expands,3
labs,3
startup,3
recognized,3
felt,3
moved,3
momentum,3
publicly,3
developers,3
absent,3
wells,3
fargo,3
intuit,3
boston,3
languages,3
mx,3
compass,3
aim,3
atms,3
wow,3
digitization,3
fill,3
handled,3
agile,3
pieces,3
suits,3
consistently,3
benefitting,3
liable,3
square,3
worthiness,3
bring,3
disadvantage,3
adjudicating,3
siloed,3
constrained,3
zestfinance,3
assists,3
search,3
expensive,3
latency,3
score,3
exact,3
player,3
connects,3
relied,3
unstable,3
prosper,3
blurs,3
originate,3
attempts,3
regular,3
venue,3
expenses,3
bringing,3
soros,3
employers,3
burdens,3
unintended,3
accustomed,3
exhibit,3
etf,3
robinhood,3
quantopian,3
alpha,3
charging,3
beta,3
attracted,3
administrative,3
quick,3
futureadvisor,3
composition,3
mind,3
holding,3
threats,3
deepen,3
cybersecurity,3
disconnected,3
prominent,3
respect,3
certify,3
brewdog,3
campaign,3
priced,3
sustain,3
shooting,3
star,3
socially,3
late,3
bad,3
rarely,3
swaps,3
mifid,3
trumid,3
young,3
facility,3
calling,3
dodd,3
formed,3
geopolitical,3
conference,3
excessive,3
pivot,3
oracle,3
ibm,3
benefiting,3
science,3
constituents,3
infrastructures,3
depositories,3
administration,3
startups,3
zhang,3
abel,3
robson,3
sam,3
sean,3
andy,3
andrews,3
rachel,3
blake,3
bouchard,3
mary,3
calmejane,3
farm,3
feichtinger,3
jennifer,3
joe,3
guastella,3
lp,3
jon,3
chuck,3
hounsell,3
iyer,3
jones,3
adam,3
keys,3
kimerling,3
lambert,3
larsen,3
lynn,3
todd,3
merrill,3
quan,3
origin,3
cfpb,3
beth,3
shah,3
greg,3
philipp,3
der,3
drexler,3
interactive,3
sincere,3
mentors,3
levin,3
connell,3
kosta,3
peric,3
melinda,3
gates,3
fabien,3
ewing,3
credits,3
hyperion,3
england,3
lab,3
integrity,3
jonathan,3
jo,3
kantara,3
denmark,3
treasury,3
joanna,3
schiltz,3
cev,3
daon,3
telstra,3
matt,3
keith,3
williamson,3
disruptions,3
officers,3
scan,3
configurations,3
oct,3
dec,3
pose,3
primer,3
enabler,3
civic,3
coordination,3
focussed,3
repeated,3
consensus,3
interconnected,3
jurisdictional,3
repositories,3
stretch,3
incorrect,3
supervisory,3
consortiums,3
constructing,3
avoiding,3
manifest,3
anonymity,3
cumbersome,3
proving,3
involves,3
views,3
discrete,3
codified,3
encryption,3
signature,3
fingerprint,3
rejection,3
compromise,3
leakage,3
borderless,3
millions,3
telephone,3
sanctioned,3
attestation,3
credential,3
passport,3
residence,3
legitimate,3
permission,3
deny,3
usernames,3
governing,3
login,3
sweden,3
eid,3
immutability,3
resilient,3
voice,3
leaving,3
commonly,3
consideration,3
tailoring,3
suffered,3
protects,3
checks,3
uidai,3
manages,3
standing,3
compromised,3
shipping,3
spent,3
collaborating,3
automatic,3
ambiguous,3
systematic,3
exchanged,3
pays,3
collectively,3
table,3
oliver,3
sarah,3
cto,3
lloyd,3
north,3
brian,3
emea,3
liquity,3
sep,3
divided,3
summarized,3
personalise,3
subsidise,3
widening,3
quicker,3
derivative,3
declines,3
tangible,3
splintering,3
rationale,3
inhibiting,3
elect,3
maximise,3
authorisation,3
exert,3
replaced,3
houses,3
sending,3
interbank,3
secured,3
batch,3
geographical,3
consume,3
finances,3
possibility,3
alterative,3
minimise,3
actuarial,3
statistical,3
measurable,3
advent,3
catastrophic,3
mandated,3
homogenised,3
adjusted,3
lowered,3
bundling,3
insuring,3
benchmarking,3
regimes,3
accidents,3
acceleration,3
installed,3
quantify,3
utilization,3
uw,3
customised,3
holders,3
lifecycle,3
feasible,3
tier,3
contractual,3
obtaining,3
overhead,3
amp,3
manifested,3
standardise,3
respective,3
motives,3
energy,3
structuring,3
imbalance,3
analysts,3
pension,3
capitals,3
fostering,3
hurdles,3
catered,3
registered,3
automates,3
amplify,3
room,3
monitored,3
periodic,3
restrictions,3
standardisation,3
resource,3
infer,3
discontent,3
est,3
sentiment,3
correct,3
reacts,3
predicts,3
eliminated,3
unfair,3
validity,3
shareholders,3
feasibility,3
solicited,3
simplification,3
observations,3
aligning,3
silos,3
requirement,3
fear,3
asymmetry,3
hedging,3
opacity,3
assessments,3
tokenize,3
legality,3
selected,3
utilized,3
arrangement,3
alice,3
tokenizing,3
soliciting,3
nostro,3
template,3
calculate,3
solicits,3
exporters,3
convert,3
instrument,3
determines,3
activation,3
ccar,3
irs,3
voted,3
ccp,3
simultaneous,3
communities,2
hammonds,2
bottomley,2
rangaswami,2
klosters,2
navigating,2
horizon,2
characterized,2
reshaped,2
hope,2
mapping,2
aimed,2
simplifies,2
entrant,2
succeeded,2
warrant,2
wait,2
supermarket,2
predicated,2
redistributing,2
interface,2
commod,2
embracing,2
mutualization,2
peers,2
thinking,2
istr,2
ibut,2
sides,2
adjacencies,2
survival,2
oversee,2
exper,2
ience,2
ownersh,2
ip,2
places,2
manufacturer,2
steer,2
stringently,2
drawn,2
lacking,2
lat,2
tencent,2
wave,2
profound,2
monet,2
combination,2
carefully,2
hacking,2
aware,2
ic,2
evolves,2
training,2
siri,2
alexa,2
worked,2
month,2
idea,2
accepting,2
hbr,2
sloan,2
priority,2
train,2
figure,2
ica,2
ly,2
cmo,2
inanc,2
reg,2
iona,2
globalization,2
giant,2
obstacles,2
press,2
geography,2
extract,2
running,2
lie,2
robot,2
illustrating,2
evolutions,2
tracker,2
opened,2
grew,2
distinguishing,2
brick,2
mortar,2
instances,2
expense,2
connectedness,2
rolling,2
november,2
biggest,2
friday,2
processors,2
fortune,2
passing,2
charged,2
ifr,2
weakening,2
selective,2
cheques,2
starling,2
advertised,2
amex,2
lendingclub,2
au,2
unmet,2
succeed,2
cagr,2
drove,2
earlier,2
technavio,2
consists,2
authorize,2
capped,2
applies,2
pervasive,2
currentc,2
pulling,2
pymnts,2
ars,2
technica,2
hacks,2
flight,2
reality,2
iso,2
cheaply,2
hours,2
coin,2
massive,2
heightened,2
steadily,2
worlds,2
digit,2
programming,2
expectation,2
appearance,2
slower,2
shrinking,2
appearing,2
typical,2
sense,2
thrive,2
retaining,2
pushing,2
mhq,2
alibaba,2
published,2
equally,2
responsibilities,2
necessitating,2
catastrophe,2
designers,2
outstanding,2
mashable,2
purchased,2
measured,2
slices,2
amounts,2
adaptable,2
fastest,2
hosts,2
women,2
influenced,2
pwc,2
depends,2
doctor,2
haven,2
vietnam,2
spill,2
populationpyramid,2
declined,2
sensor,2
church,2
saved,2
occupied,2
ease,2
microsoft,2
households,2
healthy,2
earning,2
smoke,2
installation,2
notifies,2
tethered,2
advertising,2
customization,2
lucrative,2
mainstreaming,2
outsourcing,2
pooling,2
individualized,2
jobs,2
employment,2
gig,2
workers,2
mistakes,2
signals,2
detection,2
modified,2
familiarity,2
revolve,2
hiring,2
demographic,2
compromising,2
perceptions,2
celent,2
began,2
protecting,2
refocus,2
caveats,2
german,2
engages,2
download,2
exposes,2
encourages,2
observer,2
banker,2
nordics,2
sheets,2
sought,2
centre,2
attractiveness,2
verge,2
appeared,2
fell,2
approached,2
tempted,2
mini,2
employee,2
walk,2
site,2
routine,2
aid,2
washington,2
bain,2
giants,2
weighed,2
game,2
collections,2
enforced,2
maximize,2
trustworthy,2
oligopolistic,2
intensifying,2
unbundled,2
aided,2
owning,2
newly,2
flock,2
wanted,2
clarify,2
feed,2
symbiotic,2
gold,2
ranks,2
javelin,2
awards,2
edition,2
qualify,2
unstructured,2
temporary,2
payday,2
baidu,2
unions,2
severe,2
onerous,2
rocket,2
comparisons,2
helps,2
suppliers,2
techspot,2
city,2
proved,2
warrants,2
licence,2
sofi,2
attracting,2
techcrunch,2
altered,2
perception,2
multitude,2
struggling,2
licensing,2
preference,2
flourish,2
reductions,2
locked,2
millennials,2
jefferies,2
attention,2
manufacture,2
shaped,2
abandon,2
drawing,2
aiming,2
department,2
labor,2
prolonged,2
compression,2
replacing,2
drastically,2
cyberattack,2
economical,2
strike,2
division,2
finextra,2
budget,2
opted,2
flat,2
ownersadvisory,2
brands,2
opting,2
algorithm,2
norm,2
afford,2
supervision,2
savvy,2
interpret,2
erodes,2
organizational,2
contained,2
integrations,2
module,2
signaling,2
takeover,2
unaccredited,2
chapter,2
unlisted,2
infancy,2
burdensome,2
overlooking,2
alongside,2
estate,2
maturing,2
albeit,2
blog,2
attempt,2
differently,2
pebble,2
chose,2
round,2
crowdengine,2
incorporates,2
crowdfundingbeat,2
asian,2
lawyer,2
inexperienced,2
affiliations,2
brewery,2
leveraged,2
breweries,2
inaccuracies,2
materials,2
educational,2
eventually,2
illiquid,2
pooled,2
researching,2
committed,2
failing,2
altfi,2
educate,2
worthwhile,2
degrees,2
dedicated,2
accesses,2
preparing,2
plays,2
allocate,2
filling,2
tops,2
faq,2
electronified,2
uneven,2
bet,2
focuses,2
allq,2
disintermediating,2
bis,2
christopher,2
agenda,2
objective,2
contribute,2
cftc,2
skadden,2
arps,2
slate,2
meagher,2
flom,2
rebuild,2
applicability,2
entered,2
euronext,2
dealer,2
bondcube,2
filed,2
converting,2
swap,2
sef,2
capitalize,2
predictable,2
fia,2
leave,2
stable,2
monetizing,2
cooperative,2
consortia,2
treatment,2
shorten,2
buys,2
releases,2
iq,2
invests,2
llc,2
julia,2
center,2
peking,2
school,2
amy,2
allen,2
giles,2
bale,2
luc,2
donald,2
ron,2
dataminr,2
borrowell,2
pat,2
desai,2
ken,2
jared,2
gupta,2
anthemis,2
interac,2
bison,2
ho,2
zhou,2
kelly,2
elizabeth,2
karen,2
king,2
clare,2
lynch,2
markit,2
silicon,2
valley,2
wei,2
lin,2
li,2
lipman,2
jorge,2
mak,2
emmanuel,2
marot,2
douglas,2
iex,2
fire,2
ironfly,2
sharon,2
kai,2
marta,2
preston,2
roger,2
shawn,2
sahai,2
balderton,2
ministry,2
jean,2
belfius,2
stark,2
stephan,2
motive,2
den,2
von,2
yang,2
brad,2
nina,2
zhu,2
lien,2
christoph,2
batlin,2
berg,2
birch,2
boysen,2
ben,2
alicia,2
carmona,2
wayne,2
ivan,2
catapult,2
citigroup,2
trademe,2
jerry,2
conan,2
french,2
emilio,2
garcia,2
aran,2
adrienne,2
raj,2
charlotte,2
kroemer,2
joseph,2
lubin,2
ludwin,2
lundkvist,2
diacc,2
bny,2
mellon,2
zurich,2
marathakis,2
martin,2
eddie,2
cheryl,2
parker,2
rick,2
porter,2
rhomaios,2
ram,2
richards,2
wiebe,2
ruttenberg,2
sacmar,2
rocky,2
scopelliti,2
anton,2
semenov,2
canadian,2
alixpartners,2
rajesh,2
shenoy,2
stan,2
stalnaker,2
szurek,2
taylor,2
adizah,2
tejani,2
kleij,2
vella,2
derek,2
zschach,2
bid,2
perc,2
rinaldi,2
sabrina,2
sdao,2
enablers,2
lays,2
underway,2
coordinated,2
nov,2
constructed,2
pseudo,2
photographing,2
partially,2
relevance,2
societal,2
eligibility,2
assistance,2
alcohol,2
exploiting,2
entitled,2
exchanging,2
govern,2
commercially,2
overexposed,2
left,2
executional,2
categorized,2
trustless,2
assisting,2
decisioning,2
champion,2
recourse,2
studied,2
concepts,2
reside,2
crime,2
putting,2
exclusion,2
obscure,2
calculating,2
false,2
checking,2
complying,2
inflexible,2
demonstration,2
rich,2
dispersed,2
metadata,2
environmental,2
unsustainable,2
ideological,2
korea,2
october,2
frontier,2
unbanked,2
trader,2
describe,2
monolith,2
intrinsic,2
accumulated,2
reflective,2
acceptable,2
title,2
query,2
presented,2
pin,2
knowing,2
registration,2
signing,2
geographic,2
huge,2
character,2
writers,2
conclusions,2
networked,2
saas,2
sap,2
gov,2
granted,2
elections,2
bankid,2
telecommunications,2
offline,2
detail,2
inquiry,2
blinding,2
exhaustive,2
sassa,2
pattern,2
deposited,2
revealed,2
permitting,2
adhere,2
road,2
hugely,2
highest,2
settled,2
removes,2
disperse,2
contravention,2
monthly,2
telecoms,2
approve,2
saving,2
trace,2
hierarchies,2
illegal,2
signatures,2
inception,2
detect,2
validates,2
codes,2
reliant,2
bear,2
idin,2
correcting,2
resettlement,2
transport,2
taxes,2
chosen,2
outlined,2
movers,2
refined,2
determination,2
practical,2
narrowing,2
attain,2
bussman,2
cfo,2
chan,2
hill,2
plc,2
allaire,2
beecroft,2
dave,2
deluca,2
engine,2
coinbase,2
japan,2
abundance,2
estimize,2
vodafone,2
kopo,2
lu,2
steve,2
park,2
shanghai,2
bitpay,2
barry,2
maria,2
tang,2
sar,2
oberholzner,2
strive,2
alter,2
summarised,2
examined,2
grouping,2
cryptocurrencies,2
homogenisation,2
wearables,2
fickle,2
benchmark,2
reconsider,2
competitively,2
widen,2
commodities,2
addressed,2
uniquely,2
displaced,2
traceability,2
denomination,2
wireless,2
invisible,2
stickier,2
combine,2
proportion,2
intensity,2
surviving,2
virtually,2
optimisation,2
reward,2
charges,2
efficacy,2
backward,2
accumulation,2
prudent,2
interoperable,2
immature,2
centralisation,2
preferred,2
displace,2
sends,2
message,2
instantaneous,2
nodes,2
transmit,2
utilised,2
proposed,2
employing,2
governed,2
airtime,2
senders,2
shortcomings,2
familiar,2
traceable,2
exceed,2
distance,2
conjunction,2
undesirable,2
fidor,2
cic,2
possess,2
expedite,2
introducing,2
unforeseen,2
correlation,2
box,2
reinsure,2
acquired,2
securitization,2
decoupling,2
widened,2
bundle,2
encompasses,2
actuary,2
stablise,2
budgets,2
realise,2
collusion,2
rural,2
vertical,2
reinsurance,2
amidst,2
reflected,2
segmentation,2
sign,2
vitals,2
bilateral,2
automotive,2
tires,2
travel,2
sourced,2
subsidising,2
exclude,2
myriad,2
dominated,2
fashion,2
depositors,2
generates,2
guarantees,2
bandwidth,2
absorb,2
float,2
diversifying,2
inclusive,2
indication,2
measurement,2
disintermediated,2
generational,2
enhancements,2
sort,2
subsidised,2
cbw,2
command,2
receipts,2
quasi,2
unfamiliar,2
realign,2
la,2
strengths,2
fulfilled,2
dividends,2
lengthy,2
fulfillment,2
fair,2
customisation,2
debts,2
flexibly,2
implicit,2
literacy,2
generating,2
sooner,2
spacehive,2
debentures,2
overlap,2
favourite,2
compensate,2
chilango,2
duration,2
equivalent,2
personally,2
exclusivity,2
affordable,2
solid,2
millennial,2
educated,2
redeploying,2
brokerages,2
skills,2
gathers,2
reaction,2
hr,2
remained,2
formats,2
turnaround,2
topological,2
correlations,2
hypothesis,2
organises,2
shareholding,2
unattainable,2
inputs,2
disappear,2
externalising,2
translate,2
dissemination,2
accountability,2
turnover,2
transitions,2
hfts,2
rosenblatt,2
hypothesising,2
intervened,2
revert,2
tangibly,2
maker,2
triggering,2
twitter,2
caused,2
posting,2
tweet,2
strengthened,2
values,2
redistributed,2
adams,2
angus,2
steven,2
dbs,2
suncorp,2
societyone,2
cont,2
lipis,2
tokyo,2
mitsubishi,2
ufj,2
hanna,2
nilsson,2
tapscott,2
soumak,2
chatterjee,2
identifies,2
transition,2
establishment,2
panacea,2
viewed,2
tender,2
redraw,2
converging,2
remote,2
sight,2
frictions,2
employed,2
trails,2
autonomy,2
externally,2
promotes,2
pledge,2
autonomously,2
mediate,2
transformed,2
representation,2
conversations,2
dependencies,2
tracked,2
modifications,2
dependency,2
micropayments,2
hash,2
codification,2
rewriting,2
alert,2
counting,2
compartmentalized,2
printing,2
mailing,2
architecting,2
obligation,2
remittances,2
confirms,2
utilizes,2
payout,2
encapsulates,2
alerts,2
reviewed,2
establishes,2
valid,2
urgency,2
fraction,2
wholesale,2
receives,2
insurees,2
submits,2
adjusters,2
completeness,2
simplified,2
irrelevant,2
amounted,2
latin,2
pledging,2
disbursal,2
duplicative,2
dispersion,2
appropriately,2
importers,2
annually,2
assumes,2
agree,2
inspect,2
transported,2
invoices,2
propensity,2
inspected,2
headcount,2
incapable,2
interfacing,2
yields,2
activate,2
productivity,2
depreciation,2
assertions,2
duplicate,2
pictured,2
meetings,2
proxypulse,2
misleading,2
voters,2
counted,2
notify,2
downstream,2
initiating,2
nyse,2
lane,2
pragmatic,1
assisted,1
thoughts,1
mentorship,1
vision,1
inspirational,1
finally,1
kimberly,1
catlin,1
calmjane,1
roland,1
fejfar,1
ibd,1
schroders,1
fabian,1
editors,1
aftershocks,1
wings,1
promised,1
draws,1
importantly,1
lies,1
seismic,1
culmination,1
phases,1
strived,1
culminated,1
considers,1
produce,1
san,1
francisco,1
shenzhen,1
toronto,1
overtaking,1
fallen,1
seized,1
subsector,1
overestimated,1
caveat,1
externalize,1
tempo,1
redistribution,1
bionic,1
systemically,1
alike,1
commoditize,1
externalizing,1
duplication,1
aladdin,1
verticalize,1
jigsaw,1
separately,1
catalysts,1
intra,1
tr,1
proposing,1
curtailing,1
curation,1
benchmarks,1
abusing,1
audiences,1
webank,1
storefront,1
invoicing,1
adp,1
dashboard,1
snapshots,1
nonbanks,1
optional,1
geo,1
aib,1
cashbacks,1
versus,1
arrival,1
workforces,1
coworking,1
dominating,1
computers,1
multiplying,1
suites,1
erica,1
chatbot,1
mould,1
hundreds,1
specialists,1
waves,1
coexist,1
punishment,1
accompanied,1
harness,1
backbone,1
xignite,1
bit,1
guides,1
tough,1
necessitates,1
independence,1
progress,1
ago,1
theoretically,1
breeding,1
multipolar,1
locale,1
cutt,1
subjects,1
races,1
heart,1
harvard,1
ready,1
colleagues,1
mine,1
cdo,1
interview,1
idg,1
ives,1
gu,1
ide,1
plausible,1
mapped,1
illustrates,1
reader,1
familiarized,1
multinationals,1
geographically,1
varied,1
operated,1
dominate,1
logging,1
subscribers,1
shoppers,1
incompatibility,1
locally,1
caps,1
forbid,1
unattractive,1
conditioning,1
decided,1
forgoing,1
lhv,1
differed,1
resisted,1
advance,1
rupee,1
notes,1
compound,1
sates,1
france,1
tsys,1
sd,1
host,1
concurrently,1
forbidding,1
sorted,1
mint,1
yodlee,1
overwhelming,1
ingrained,1
patience,1
clouding,1
cook,1
announcing,1
paint,1
mixed,1
walmart,1
wendy,1
shut,1
fractures,1
demise,1
unlocked,1
inroads,1
modernized,1
insecurity,1
magnified,1
shocks,1
freezes,1
modernizing,1
transmission,1
ons,1
bitfinex,1
haircut,1
bridged,1
conditioned,1
diverges,1
cow,1
precipitously,1
shrinks,1
challengers,1
negotiate,1
withdraw,1
arises,1
specifications,1
steady,1
justification,1
ally,1
fragment,1
fragmenting,1
juggle,1
rewarded,1
piecing,1
quandary,1
sku,1
smartphone,1
predominant,1
appears,1
enjoy,1
multidimensional,1
wield,1
echo,1
turns,1
ambitions,1
audacious,1
soften,1
smashes,1
smash,1
shopped,1
weekend,1
statistic,1
emvco,1
diary,1
survey,1
bagnall,1
stats,1
defiant,1
deactivate,1
turf,1
confirmed,1
signaled,1
occasions,1
microinsurance,1
overcapitalization,1
overcapitalized,1
depression,1
innovating,1
cat,1
quietly,1
believes,1
autopilot,1
subsumed,1
walks,1
delineation,1
necessitate,1
items,1
seniors,1
grey,1
homesharers,1
homeowner,1
blurred,1
individuality,1
presumes,1
rigid,1
consumable,1
chunks,1
bima,1
prepaid,1
applicants,1
wholly,1
subsidiary,1
massmutual,1
veitnam,1
traits,1
omnichannel,1
seesaw,1
penetration,1
equal,1
projected,1
hoping,1
cyberevents,1
frozen,1
pipe,1
leaks,1
occupancy,1
pilot,1
volunteering,1
convinced,1
hands,1
hesitant,1
living,1
detector,1
discounted,1
battery,1
reactive,1
strengthening,1
caught,1
deprioritize,1
emphasize,1
noticeable,1
apathy,1
ins,1
compels,1
loses,1
departments,1
catering,1
covers,1
timers,1
bike,1
measuring,1
miscoverage,1
specializing,1
inadvertent,1
bulk,1
aligns,1
persists,1
undergoes,1
restructuring,1
spreading,1
organically,1
tightly,1
vertically,1
modularized,1
splitting,1
pursing,1
contradictory,1
equipment,1
convincing,1
xxvi,1
rideshare,1
embraced,1
swedish,1
mobiles,1
quest,1
cusp,1
lay,1
foundations,1
catalysed,1
satisfy,1
weaken,1
incentivizes,1
discouraged,1
programmableweb,1
directory,1
centred,1
cr,1
dit,1
agricole,1
cultivates,1
openness,1
soft,1
curate,1
recapitalizing,1
smartphones,1
trusting,1
illustrated,1
starbucks,1
lessons,1
plateau,1
jettisoning,1
unprofitable,1
signed,1
ramps,1
zelle,1
links,1
undertaken,1
weighs,1
extinct,1
cobol,1
riddled,1
cores,1
patchwork,1
specially,1
eventual,1
rip,1
prompt,1
enrichment,1
compatibility,1
refocused,1
optimizing,1
defections,1
visually,1
videoconferencing,1
videoconference,1
respondent,1
unravelling,1
changer,1
cyberinsecurity,1
isolated,1
weakly,1
curator,1
unified,1
distort,1
hosting,1
plagued,1
scandal,1
sandboxes,1
preserving,1
shelf,1
extends,1
bundled,1
umbrella,1
staying,1
overcoming,1
subsidize,1
image,1
beneficiaries,1
confused,1
overwhelmed,1
legislations,1
branding,1
winners,1
virtuous,1
imperatives,1
proficiency,1
agricoles,1
akin,1
orban,1
achilles,1
heel,1
tellers,1
blacksmiths,1
aspx,1
threatened,1
prowess,1
bolster,1
iteration,1
lag,1
fare,1
progressively,1
repay,1
contraction,1
deem,1
placing,1
adjudicated,1
mainframes,1
bridges,1
ends,1
demanded,1
saver,1
middleware,1
looked,1
overhauling,1
quicken,1
roughly,1
reorient,1
promoter,1
satisfaction,1
impeding,1
jumping,1
fray,1
emptively,1
defaults,1
withhold,1
stopping,1
scratch,1
analog,1
lesser,1
sided,1
pulled,1
student,1
opex,1
optimization,1
indispensable,1
stabilize,1
outperform,1
stemming,1
cede,1
disadvantages,1
absolute,1
expenditures,1
horizontally,1
anticipate,1
unregulated,1
pull,1
negotiations,1
reoriented,1
deck,1
pdf,1
lent,1
inks,1
dealwith,1
charter,1
phenomenon,1
marked,1
formulas,1
db,1
dc,1
baby,1
boomers,1
stepped,1
citing,1
mis,1
scandals,1
dissatisfaction,1
consequence,1
polices,1
settings,1
masses,1
minimums,1
elevate,1
bound,1
ethically,1
aum,1
duty,1
deteriorate,1
wannacry,1
commissions,1
openfolio,1
stocktwits,1
jun,1
diminishing,1
competed,1
inevitable,1
proponent,1
benefited,1
grapples,1
volatile,1
stem,1
underscored,1
intangible,1
directed,1
job,1
renaissance,1
guaranteeing,1
calculators,1
visualizations,1
semi,1
duality,1
embraces,1
repayments,1
incentivizing,1
bifurcates,1
undifferentiated,1
commoditizing,1
personalization,1
emotional,1
dol,1
secretary,1
acosta,1
concedes,1
stopped,1
jump,1
attack,1
isnt,1
addepar,1
hp,1
pgtype,1
homepage,1
clicksource,1
story,1
heading,1
column,1
wt,1
nav,1
fittest,1
custom,1
rolls,1
hybrid,1
cyborg,1
signal,1
trustworthiness,1
ico,1
flowing,1
attitudes,1
explosion,1
listed,1
founded,1
inaccessible,1
aversion,1
relaxed,1
relaxing,1
unreasonably,1
imposed,1
harsher,1
deteriorating,1
caliber,1
desperate,1
divergence,1
diverged,1
treat,1
hampers,1
enthusiast,1
smartwatch,1
kickstarter,1
pointing,1
accreditation,1
websites,1
audited,1
protections,1
disillusioned,1
disappointing,1
sizeable,1
outsized,1
powers,1
analogous,1
overvalued,1
scottish,1
craft,1
advocates,1
promotional,1
camden,1
immaturity,1
gauge,1
laws,1
realize,1
temporarily,1
prospect,1
cottage,1
sustaining,1
workable,1
legitimacy,1
macroeconomic,1
achieves,1
arrives,1
rivals,1
catches,1
stifle,1
care,1
located,1
obvious,1
underdeveloped,1
relegate,1
prototyping,1
successes,1
tentative,1
eggs,1
incorporation,1
recency,1
icos,1
ajay,1
agrawal,1
catalini,1
avi,1
goldfarb,1
cf,1
barking,1
mad,1
ae,1
basel,1
iii,1
continuum,1
unevenly,1
electrification,1
indirect,1
nudges,1
ii,1
homogenous,1
migrated,1
stake,1
derivatives,1
upheld,1
equivalence,1
reforms,1
enacted,1
relic,1
revisit,1
enveloped,1
slowing,1
interconnectivity,1
journeys,1
footprint,1
residing,1
prevailing,1
upending,1
betting,1
obsolete,1
blockoneiq,1
perquisite,1
profiting,1
prerequisites,1
survivors,1
synergies,1
adaptation,1
reluctance,1
disturb,1
characterizing,1
inertia,1
ideal,1
enriching,1
liquidation,1
lacked,1
hindered,1
garner,1
deregulation,1
en,1
masse,1
consolidating,1
custody,1
workflows,1
heightening,1
surprising,1
favourable,1
multilateral,1
encroach,1
guarantor,1
frees,1
revamp,1
harder,1
insufficiency,1
cooperating,1
sphere,1
ac,1
eb,1
settlements,1
remarks,1
boca,1
raton,1
florida,1
trump,1
lexology,1
blockone,1
developer,1
jv,1
auction,1
backups,1
boring,1
authors,1
pearce,1
dominik,1
hermann,1
shrija,1
bajpai,1
kerry,1
butts,1
alexander,1
carbone,1
di,1
spirito,1
alexandra,1
durbak,1
jack,1
luan,1
alonzo,1
neese,1
vlad,1
oncescu,1
seltzer,1
elaine,1
accelerator,1
mikaal,1
abdulla,1
billy,1
alvarado,1
amato,1
gauci,1
ambrose,1
attia,1
bailey,1
bajorat,1
beaudry,1
brock,1
blomfield,1
anne,1
boden,1
kay,1
bowman,1
eli,1
brill,1
bart,1
brouwer,1
ryan,1
caldwell,1
cappell,1
cecil,1
chai,1
libby,1
chambers,1
sonika,1
chandra,1
chapman,1
chen,1
chiong,1
raju,1
chithambaram,1
colucci,1
compareasiagroup,1
liveoak,1
figo,1
fintrac,1
lendio,1
monzo,1
modo,1
cronin,1
cruzado,1
cyprys,1
giovanni,1
dapra,1
davidson,1
dempsey,1
rodger,1
dewoskin,1
dickinson,1
dixson,1
dresner,1
kirk,1
dudtschak,1
dueweke,1
egan,1
ellison,1
faes,1
faucette,1
benjy,1
feinberg,1
pol,1
erwan,1
fritz,1
debbie,1
gamble,1
gever,1
mckellar,1
liam,1
gillligan,1
beatriz,1
gimenez,1
monlleo,1
rasmus,1
goksor,1
goldstein,1
kellie,1
goodwin,1
gorfine,1
graham,1
betsy,1
graseck,1
manu,1
julien,1
hammerson,1
moneyfarm,1
morningstar,1
occ,1
payfone,1
equitable,1
jpm,1
idpay,1
lendinvest,1
cme,1
lakestar,1
calastone,1
hanley,1
naureen,1
hassan,1
havasi,1
rg,1
hessenm,1
ller,1
taavet,1
hinrikus,1
bianca,1
kent,1
hocking,1
brent,1
homan,1
sunsy,1
huan,1
hu,1
hutton,1
jurgen,1
ingels,1
ireland,1
sriram,1
cedric,1
jeannot,1
cai,1
jian,1
jing,1
garri,1
bjorn,1
jungerkes,1
ankur,1
kamalia,1
kang,1
kansler,1
kerrigan,1
shirine,1
khoury,1
haq,1
doug,1
charaka,1
kithulegoda,1
royal,1
scotland,1
luminoso,1
opc,1
smartfin,1
icici,1
aprivacy,1
du,1
miao,1
numis,1
savedo,1
paynearme,1
ihs,1
mcs,1
atb,1
klier,1
ling,1
norris,1
koppel,1
dinesh,1
krishnan,1
amar,1
kuchinad,1
claude,1
kurzo,1
lader,1
caroline,1
lamaud,1
laurence,1
latimer,1
jiang,1
winnie,1
leung,1
zhong,1
caitlin,1
pez,1
aranda,1
colm,1
lyon,1
mackinlay,1
mehdi,1
manaa,1
manners,1
martini,1
heather,1
masterson,1
matthews,1
kirill,1
menshov,1
merkel,1
tng,1
dianrong,1
monese,1
zafin,1
electronifie,1
anaxago,1
acadamy,1
moneris,1
shulaibao,1
symbiont,1
omers,1
ecb,1
lendingrobot,1
generali,1
travelers,1
augmentum,1
otkritie,1
mesny,1
moffat,1
brody,1
mulderig,1
zaydoon,1
munir,1
huy,1
nguyen,1
trieu,1
ramin,1
niroumand,1
benedicte,1
nolens,1
olexy,1
iliana,1
oris,1
valiente,1
sasha,1
orloff,1
henrik,1
otterson,1
pan,1
peve,1
benjamin,1
phillips,1
pilbauer,1
plana,1
polonsky,1
shameez,1
rabdi,1
glenn,1
regan,1
renton,1
riley,1
roche,1
rosa,1
faye,1
ketan,1
samani,1
kate,1
sampson,1
sanborn,1
finleap,1
colliderx,1
invesdor,1
metromile,1
ontario,1
lendit,1
neat,1
scotiabank,1
lyft,1
savignac,1
eurex,1
andreas,1
schertzinger,1
sha,1
sigfig,1
sidgmore,1
broadhaven,1
siddharth,1
shivani,1
siroya,1
tala,1
travis,1
skelly,1
skinner,1
finanser,1
gordon,1
sobel,1
benoit,1
speybrouck,1
spitz,1
karl,1
sponholz,1
spotcap,1
stackhouse,1
philippe,1
viewpost,1
strickland,1
fidelity,1
taussig,1
kabbage,1
massimo,1
tessitore,1
intesa,1
sanpaolo,1
clark,1
thompson,1
tidswell,1
norrish,1
edward,1
twiddy,1
atom,1
luis,1
valdich,1
bergh,1
micai,1
katleen,1
gheel,1
geert,1
mol,1
shroders,1
vienick,1
schulenburg,1
walchek,1
troy,1
wan,1
harry,1
wang,1
darryl,1
ivar,1
wiersma,1
ray,1
yankiver,1
ypsilanti,1
linear,1
etrading,1
marathon,1
quantifeed,1
radian,1
deta,1
ls,1
hammond,1
dietter,1
mukul,1
ahuja,1
albers,1
benz,1
vikram,1
bhat,1
brewer,1
brophy,1
byrne,1
cary,1
emily,1
clayton,1
clippinger,1
coleman,1
crombie,1
malcolm,1
crompton,1
davies,1
howard,1
dixon,1
djordjevic,1
dombrowski,1
duffy,1
carlo,1
duprel,1
durand,1
entiq,1
eris,1
nymi,1
avox,1
rbs,1
historiocity,1
luxembourg,1
ping,1
ferguson,1
fishenden,1
marissa,1
flowerday,1
alka,1
hardinges,1
hayes,1
hodash,1
rainer,1
hoerbe,1
arne,1
vidar,1
huag,1
afsar,1
hussain,1
ienco,1
natasha,1
jackson,1
jacoby,1
hyder,1
jaffrey,1
johnston,1
tanis,1
kevelighan,1
alim,1
khalique,1
jaap,1
kuipers,1
locke,1
cabinet,1
voetek,1
iif,1
signicat,1
telus,1
trulioo,1
caribou,1
marshall,1
mckenney,1
adel,1
melek,1
meredith,1
morgenthaler,1
renny,1
narvaez,1
neistat,1
nieuwoudt,1
pascal,1
nizri,1
reinhard,1
posch,1
rannenberg,1
pierre,1
roberge,1
romanovskiy,1
rudd,1
louis,1
schwarz,1
leapfrog,1
taskforce,1
austrian,1
goethe,1
consultant,1
assureuk,1
smaling,1
stauffer,1
gavin,1
steele,1
ashley,1
stevenson,1
stroud,1
pavlo,1
tanasyuk,1
taverner,1
kenneth,1
tessem,1
thibeau,1
turner,1
aneesh,1
varma,1
vatchkov,1
roy,1
helene,1
vigue,1
franziska,1
arnim,1
patrick,1
walker,1
wallis,1
watkins,1
conor,1
gregory,1
wolf,1
fei,1
hubid,1
forgerock,1
blockverify,1
bitfury,1
finansiell,1
teknik,1
ab,1
oix,1
globalsign,1
io,1
algebris,1
british,1
columbia,1
faiza,1
harji,1
greenhouse,1
concerted,1
societies,1
eidas,1
conversation,1
synthesizes,1
stands,1
license,1
evaluating,1
decentralizing,1
afforded,1
ands,1
centers,1
strict,1
stretches,1
unemployment,1
renting,1
apartment,1
pressing,1
omni,1
stringent,1
layered,1
suffers,1
unsuited,1
insecure,1
inconvenient,1
confusing,1
addressing,1
preexisting,1
egovernment,1
tombstone,1
implementable,1
governmental,1
crowded,1
centralizing,1
operationally,1
conveniently,1
exceptionally,1
incentivized,1
rigorously,1
substantial,1
enhancement,1
positive,1
rfis,1
inaccuracy,1
stp,1
payouts,1
fractionally,1
mining,1
refocussing,1
nationality,1
desktop,1
drawbacks,1
oligopoly,1
golden,1
wrong,1
situational,1
wasted,1
summarizes,1
describes,1
discusses,1
configured,1
won,1
misuse,1
answering,1
inconveniently,1
mismatch,1
incorrectly,1
misrepresent,1
paper,1
attaching,1
passports,1
adapted,1
falsified,1
tampered,1
presentation,1
inflection,1
tampering,1
saml,1
interception,1
decryption,1
keyless,1
hashing,1
attributed,1
proofs,1
concealing,1
persistent,1
contextual,1
retina,1
scanning,1
heartbeat,1
waveform,1
facial,1
distrust,1
valueless,1
emotive,1
turkey,1
spills,1
wired,1
philippine,1
electoral,1
breached,1
guardian,1
lok,1
sabha,1
opposition,1
fears,1
surveillance,1
crossroads,1
cbc,1
abolished,1
invalid,1
bbc,1
lift,1
ensured,1
walls,1
victim,1
denied,1
presses,1
criticality,1
huffington,1
fca,1
fines,1
endless,1
inherited,1
height,1
fingerprints,1
lifespan,1
attached,1
custodianship,1
drinking,1
citizenship,1
genuinely,1
belong,1
proceed,1
birthdate,1
determing,1
registrations,1
parking,1
ticket,1
provincial,1
affiliation,1
attested,1
attaches,1
completes,1
proofing,1
strides,1
oldest,1
asked,1
bearer,1
computer,1
reason,1
modification,1
display,1
shield,1
crystallization,1
richness,1
ranges,1
element,1
bolted,1
categorize,1
permissioned,1
pathway,1
salesforce,1
telecom,1
permitted,1
dutch,1
apply,1
judicial,1
centrally,1
explicit,1
explicitly,1
tendered,1
privately,1
names,1
assigns,1
falsification,1
reveal,1
infrequently,1
confidential,1
redundancy,1
rights,1
accretive,1
maximum,1
democratize,1
african,1
grindrod,1
biometric,1
illegitimate,1
accidental,1
infringement,1
disclosed,1
endpoint,1
misused,1
severity,1
mutuality,1
advised,1
revoke,1
upload,1
uport,1
dispute,1
scrapped,1
incoming,1
stated,1
wasteful,1
bureaucratic,1
intrusive,1
posing,1
accommodate,1
spotlight,1
resistant,1
destruction,1
contingency,1
erased,1
dozens,1
automobile,1
universities,1
nationwide,1
integrates,1
supplied,1
federation,1
matched,1
remove,1
forgotten,1
rejected,1
subscribe,1
indians,1
registrar,1
introducer,1
elected,1
representative,1
teacher,1
vouch,1
immigrants,1
photograph,1
iris,1
enrolled,1
domiciled,1
proceeds,1
criminal,1
traced,1
thread,1
identifiers,1
master,1
permit,1
register,1
cooperate,1
attesting,1
safeguards,1
netflix,1
orgid,1
onboarded,1
disregard,1
tedious,1
counterpart,1
informing,1
linkages,1
affiliated,1
exacerbates,1
observe,1
outwards,1
bounded,1
interconnecting,1
interfere,1
populations,1
purely,1
reasons,1
connective,1
tissue,1
guided,1
reinforces,1
starters,1
tactical,1
subsidized,1
renewed,1
refreshed,1
communicating,1
whatsoever,1
fred,1
crawford,1
alix,1
grip,1
rotenberg,1
neeraj,1
heyvaert,1
lance,1
uggla,1
henry,1
ritchotte,1
se,1
converged,1
hedges,1
fabrizio,1
campelli,1
ericson,1
coppola,1
dow,1
mcgraw,1
ignacio,1
goicoechea,1
banorte,1
tarver,1
capco,1
asheesh,1
advani,1
radhika,1
angara,1
yoni,1
assia,1
jolyon,1
barker,1
inga,1
beale,1
benazeh,1
biller,1
bingle,1
brycki,1
olaf,1
carlson,1
wee,1
ulf,1
carlsson,1
bhaskar,1
chakravorti,1
chappell,1
gongpil,1
choi,1
coblentz,1
cockerton,1
cowell,1
eugene,1
danilkis,1
bruce,1
marten,1
haring,1
samir,1
maciej,1
dolinski,1
dooley,1
drake,1
leigh,1
drogen,1
aron,1
dutta,1
grechen,1
effgen,1
fawcett,1
covestor,1
fastacash,1
etoro,1
meniga,1
stockspot,1
associate,1
dean,1
fletcher,1
diplomacy,1
tufts,1
shadows,1
progresso,1
financero,1
founding,1
metlife,1
mambu,1
economist,1
reasoning,1
cisco,1
zipcar,1
feng,1
flynn,1
levy,1
girouard,1
gleeson,1
goldman,1
russell,1
gould,1
green,1
groves,1
habberfield,1
jr,1
jilliene,1
helman,1
dylan,1
higgins,1
reid,1
hoffman,1
kaori,1
iida,1
bert,1
essen,1
jung,1
sony,1
kapoor,1
katsuyama,1
keene,1
kennedy,1
damian,1
kimmelman,1
kirkpatrick,1
kooper,1
lanng,1
francine,1
lacqua,1
renaud,1
laplanche,1
laven,1
gerard,1
lemos,1
levchin,1
sandra,1
linhan,1
nektarios,1
liolios,1
lo,1
essentia,1
upstart,1
wallaby,1
eco,1
chair,1
ukfca,1
realty,1
mogul,1
innnovator,1
nhk,1
managng,1
dragon,1
duedil,1
techonomy,1
leapfroginvestments,1
affirm,1
ctquan,1
lark,1
startupbootcamp,1
anx,1
bo,1
macdonald,1
makin,1
demetrios,1
marantis,1
massaro,1
mathias,1
mendel,1
liao,1
min,1
rory,1
moloney,1
nadler,1
mas,1
nakachi,1
naughton,1
nentw,1
ich,1
ning,1
nugent,1
pair,1
kyung,1
kitty,1
parry,1
loren,1
pastore,1
patton,1
leslie,1
payne,1
sandy,1
peng,1
anthony,1
pereira,1
claudine,1
perlet,1
jonas,1
piela,1
basil,1
qunibi,1
redfern,1
reich,1
selma,1
ribica,1
rieche,1
antonia,1
rofagha,1
peertransfer,1
zest,1
duco,1
professor,1
ubipay,1
templars,1
upslide,1
ucan,1
percentile,1
coo,1
avuba,1
iwoca,1
yin,1
rong,1
rosenberger,1
sara,1
arjan,1
schutte,1
vasuki,1
shastry,1
hyunwook,1
shin,1
shrier,1
silbert,1
sin,1
gurjeet,1
balvinder,1
siddarth,1
sit,1
sonderegger,1
stewart,1
suber,1
stu,1
talyor,1
matin,1
tamizi,1
spiros,1
theodossiou,1
tickner,1
trotta,1
wales,1
webster,1
karsten,1
wenzlaff,1
darren,1
westlake,1
wilkins,1
edan,1
yago,1
ying,1
joyce,1
giuseppe,1
zocco,1
batan,1
popfunding,1
cigna,1
tootpay,1
wallace,1
strategist,1
lenddo,1
shaw,1
skrill,1
mmco,1
epiphyte,1
pandai,1
oriental,1
patron,1
mika,1
ciotola,1
maja,1
schwob,1
eva,1
thurnhofer,1
joerg,1
weydanz,1
color,1
prevented,1
tianjin,1
eleven,1
comprise,1
exerting,1
synthesised,1
deliberate,1
attacked,1
imminent,1
positively,1
negatively,1
modernise,1
undiscovered,1
externalisable,1
flattens,1
quantifiable,1
specialisations,1
unbundle,1
convene,1
fueling,1
threaten,1
outdated,1
organised,1
map,1
narratives,1
undisrupted,1
payers,1
regime,1
broken,1
displacing,1
trips,1
inflexibility,1
electronically,1
taxation,1
documenting,1
ordering,1
geotagging,1
tokenisation,1
diagram,1
nfc,1
qr,1
mobility,1
cashflow,1
preferable,1
regularly,1
everyday,1
relinquish,1
incentivize,1
load,1
marginalisation,1
hinder,1
prompting,1
optimised,1
unlimited,1
clicks,1
taps,1
recommend,1
surrounded,1
linkage,1
impartiality,1
engines,1
sacrificing,1
rewarding,1
arms,1
fronts,1
entrance,1
encouragement,1
nationally,1
violations,1
construct,1
confusion,1
significance,1
inexpensive,1
asks,1
bic,1
iban,1
responds,1
intrabank,1
originated,1
instructing,1
digitisation,1
century,1
reciprocal,1
smtp,1
servers,1
denominate,1
crypto,1
beenz,1
flooz,1
digicash,1
pseudonymous,1
whitepaper,1
bitcoins,1
cent,1
weaker,1
nonexistent,1
monies,1
mpesa,1
telco,1
researchers,1
uganda,1
botswana,1
ghana,1
spontaneously,1
relatives,1
friends,1
resell,1
kenya,1
safaricom,1
cell,1
sms,1
outlets,1
recorded,1
practically,1
unalterable,1
conventional,1
irreversibility,1
unconventional,1
minimised,1
fluctuation,1
reinforcing,1
separated,1
processor,1
split,1
complexities,1
floats,1
mt,1
gox,1
redress,1
unsolved,1
funeral,1
perceiving,1
upgrades,1
block,1
cease,1
augmenting,1
restructured,1
designs,1
weaknesses,1
unwanted,1
mitigated,1
inherently,1
homogenize,1
standardising,1
couple,1
slowest,1
faces,1
labelling,1
advancing,1
surpassing,1
aggregator,1
beatthatquote,1
collateralised,1
rentals,1
homogenises,1
allowance,1
logical,1
covering,1
subtract,1
family,1
concentrating,1
suburban,1
package,1
agriculture,1
capacities,1
comprehensively,1
fairly,1
peace,1
exacerbated,1
oversubscribe,1
survive,1
cancer,1
patients,1
manhattan,1
profession,1
unhealthy,1
concentrated,1
penetrate,1
telecommunication,1
centuries,1
prediction,1
gps,1
air,1
bag,1
accumulates,1
deterring,1
temperature,1
triaging,1
quantified,1
install,1
measurability,1
content,1
consultation,1
wristbands,1
thermometers,1
adoptable,1
automakers,1
portable,1
os,1
alarms,1
thermostats,1
manufactures,1
redevelopment,1
lining,1
warnings,1
arrange,1
consultants,1
magnitude,1
marmalade,1
voluntarily,1
healthier,1
gifts,1
matters,1
decease,1
gaming,1
vacation,1
approaching,1
packages,1
incent,1
recovery,1
guardians,1
halo,1
locking,1
tire,1
misappropriated,1
optimising,1
bancassurance,1
adopters,1
separation,1
fairness,1
appetites,1
intermediated,1
absorbing,1
riskier,1
dissipated,1
tightening,1
showcasing,1
mainstream,1
partly,1
differential,1
mere,1
compensated,1
reserves,1
mitigates,1
pressured,1
referral,1
matures,1
destination,1
competes,1
urban,1
referring,1
alliance,1
fuel,1
selectively,1
supplement,1
instance,1
straight,1
channelling,1
shrinkage,1
tolerant,1
nurtured,1
photo,1
prohibitive,1
text,1
runs,1
exposing,1
sophisticating,1
kind,1
centrality,1
ux,1
bancorp,1
cannibalise,1
worry,1
disposal,1
bi,1
lateral,1
bankcorp,1
fdic,1
allpoint,1
incentive,1
verifier,1
infrequent,1
stories,1
emulate,1
tangent,1
spaces,1
cardless,1
withdrawals,1
augmented,1
lockbox,1
unidentified,1
literate,1
unwilling,1
anchored,1
redefining,1
emphasis,1
carte,1
offs,1
tangential,1
democratisation,1
funnel,1
outweigh,1
pipeline,1
fueled,1
screening,1
ipos,1
jumpstart,1
strictly,1
inadequate,1
deterred,1
weed,1
credible,1
carries,1
customisable,1
clauses,1
seasoned,1
allocations,1
stratified,1
ipo,1
prospects,1
vc,1
incubate,1
dilution,1
favorite,1
coffee,1
paving,1
roads,1
pursuits,1
playgrounds,1
parks,1
pitch,1
rally,1
environmentally,1
purposeful,1
triple,1
misallocation,1
inspired,1
exiting,1
perks,1
food,1
unsecured,1
burrito,1
week,1
voucher,1
burritos,1
exceeding,1
loaded,1
unavailable,1
induce,1
underpricing,1
covenants,1
entailed,1
shortening,1
shortened,1
broadened,1
broadening,1
investable,1
annuities,1
rare,1
advise,1
reticent,1
democratising,1
commoditises,1
minimises,1
individualisation,1
spur,1
encompass,1
defect,1
rebalanced,1
penetrated,1
irrational,1
crash,1
suitably,1
intergenerational,1
featuring,1
rebalancing,1
visualisation,1
estimates,1
mimic,1
trusts,1
diy,1
churn,1
entries,1
misalignment,1
tail,1
overly,1
confident,1
unsuitable,1
incentivising,1
intensifies,1
unreachable,1
centralise,1
redundant,1
notion,1
competency,1
arising,1
stricter,1
adapting,1
inconsistency,1
impede,1
philosophies,1
backgrounds,1
starts,1
trial,1
dynamic,1
coping,1
expended,1
aggregates,1
projection,1
utilises,1
outliners,1
redkite,1
monitors,1
layering,1
noncompliant,1
instantaneously,1
opengamma,1
manipulate,1
avg,1
attainable,1
repeats,1
backseat,1
quant,1
massively,1
architectures,1
visual,1
army,1
reallocate,1
specialising,1
capitalise,1
leveled,1
configure,1
internalised,1
solidifying,1
manageable,1
formalisation,1
amplification,1
interpreted,1
lens,1
proliferated,1
lockstep,1
dealers,1
coordinating,1
datasets,1
routing,1
peak,1
tabb,1
uncover,1
prescriptive,1
privileged,1
spreads,1
tighten,1
triggers,1
vastly,1
chasing,1
intraday,1
sntmnt,1
speculation,1
converges,1
variances,1
unveil,1
sophisticate,1
neuro,1
dimension,1
tradingsolutions,1
combines,1
neural,1
genetic,1
scrutinised,1
misinterpretation,1
unfavourable,1
explosions,1
posted,1
spree,1
wiped,1
recovered,1
announcement,1
guessed,1
marginalised,1
computation,1
objectively,1
desirability,1
imperfect,1
tenders,1
evaluated,1
critically,1
inventory,1
overlook,1
limitation,1
revealing,1
undesired,1
incentivised,1
objectivity,1
merits,1
researched,1
contacting,1
catalogued,1
constricted,1
broadest,1
specialization,1
excluding,1
specialties,1
influential,1
colluding,1
disorganised,1
escrow,1
custodial,1
groupings,1
negotiation,1
diminishes,1
fulfilling,1
meyer,1
aaron,1
ajmani,1
alexandratos,1
robleh,1
ali,1
armour,1
akhtar,1
badshah,1
murad,1
baig,1
bardy,1
adi,1
ari,1
bodson,1
sven,1
bossu,1
carolyn,1
burke,1
ross,1
burnett,1
caplan,1
catchpole,1
javier,1
celaya,1
christophe,1
chazot,1
ilsa,1
christ,1
lynne,1
cockerell,1
catalytic,1
banco,1
colaco,1
cranmer,1
dame,1
damevski,1
shellie,1
avery,1
dellheim,1
nigel,1
dobson,1
kirsten,1
dunlop,1
farrell,1
usama,1
fayyad,1
karin,1
flinspach,1
forde,1
gallagher,1
sierra,1
nicholas,1
giurietto,1
julian,1
gorman,1
udayan,1
goyal,1
gronager,1
aldila,1
hananto,1
harper,1
inpay,1
stone,1
chalk,1
anz,1
wood,1
mallesons,1
wipro,1
innoventures,1
sa,1
chainalysis,1
vantage,1
harvey,1
hauser,1
holzer,1
hooper,1
gys,1
hyman,1
chetan,1
jain,1
johnson,1
ashton,1
eiichi,1
kashiwagi,1
steffen,1
kern,1
matthias,1
kroner,1
ashwin,1
kumar,1
lang,1
mikkel,1
larson,1
leavenworth,1
leo,1
westpac,1
inspira,1
boerse,1
tyro,1
fintechhub,1
blythe,1
masters,1
lukas,1
mccarthy,1
mcfarland,1
miller,1
moss,1
niestat,1
nixon,1
madan,1
oberoi,1
bharat,1
patel,1
perkinson,1
picone,1
piscini,1
dilan,1
rajasingham,1
suresh,1
ramamurthi,1
dilip,1
rao,1
tara,1
rozman,1
joy,1
savage,1
perpetual,1
qic,1
novantas,1
interpol,1
makoto,1
shibata,1
spoke,1
maxwell,1
sutton,1
alison,1
tarditi,1
tillotson,1
tippell,1
marcus,1
treacher,1
alan,1
tse,1
hedi,1
uustalu,1
vander,1
auwera,1
vaughn,1
wasden,1
wilcox,1
shane,1
williams,1
lawrence,1
wintermeyer,1
yohananov,1
euroclear,1
nuco,1
lightning,1
superannuation,1
tierion,1
univerity,1
utah,1
paretix,1
vikas,1
singla,1
talley,1
mayank,1
singhal,1
roberto,1
durscki,1
imaginations,1
patents,1
joined,1
experimentation,1
unharmonized,1
reimagined,1
envision,1
domains,1
articulate,1
setup,1
sydney,1
apr,1
yielded,1
minimization,1
quantum,1
robotics,1
recording,1
overnight,1
intranets,1
spearheaded,1
toolbox,1
altering,1
exponential,1
sum,1
games,1
fabrics,1
intentionally,1
unintentionally,1
asymmetric,1
enforcer,1
tamper,1
translated,1
unbiased,1
chronological,1
blocks,1
intrinsically,1
functionally,1
notions,1
discourse,1
identifiable,1
loaned,1
liens,1
nominal,1
quantifying,1
subsets,1
effortlessly,1
transforms,1
dark,1
enforcements,1
deviations,1
codify,1
mutually,1
unilateral,1
analyze,1
roadmap,1
answered,1
roadmaps,1
envisioned,1
conclude,1
navigate,1
subsectors,1
justified,1
occasionally,1
achievement,1
incorporated,1
realized,1
uniqueness,1
safeguarded,1
paramount,1
questioning,1
architects,1
malicious,1
meticulous,1
outputs,1
mistrust,1
gatekeeper,1
charlie,1
correspondents,1
syndicates,1
pave,1
approximate,1
yearly,1
estimated,1
surpass,1
brazil,1
eurozone,1
newcomers,1
arriving,1
factbook,1
capgemini,1
confronts,1
mckinsey,1
wishing,1
corridors,1
spb,1
zengin,1
collects,1
netted,1
periodically,1
timestamps,1
repetitive,1
route,1
validated,1
pickup,1
dataset,1
forecasted,1
buffers,1
middlemen,1
concrete,1
occurring,1
prototypes,1
gateways,1
destinations,1
merge,1
motor,1
bottleneck,1
written,1
forecast,1
finaccord,1
verisk,1
casualties,1
undertakes,1
damages,1
solvency,1
advising,1
police,1
restitution,1
concluding,1
reaches,1
questionnaire,1
rework,1
encoded,1
adjustors,1
regulates,1
jeopardizing,1
enforcing,1
careful,1
senses,1
profiling,1
adjustment,1
underwriter,1
league,1
tables,1
prospective,1
investigation,1
dispersing,1
poses,1
populated,1
programmable,1
requestors,1
arrangers,1
subprocesses,1
mutualizing,1
prepayment,1
piecemeal,1
documented,1
dominates,1
integral,1
truck,1
ship,1
aircraft,1
quantity,1
copy,1
inspects,1
fails,1
miscommunication,1
financed,1
authenticity,1
versions,1
exporting,1
drafts,1
acknowledges,1
decentralized,1
carriers,1
encapsulated,1
circumstance,1
bailouts,1
crises,1
untested,1
historically,1
fuelled,1
weeks,1
agrees,1
capitalization,1
calculated,1
latest,1
subsequently,1
calculates,1
overhaul,1
impending,1
reported,1
ancillary,1
pushback,1
surging,1
reasonable,1
requisite,1
reviewing,1
supervising,1
regulating,1
coordinate,1
timing,1
copies,1
populate,1
sample,1
copied,1
exception,1
accountants,1
cadence,1
feeding,1
extracting,1
transmitting,1
partition,1
arduous,1
audits,1
attendance,1
turnout,1
activism,1
strengthens,1
recognizing,1
irrefutably,1
participates,1
counsel,1
works,1
attendees,1
print,1
restricting,1
minor,1
uncovered,1
length,1
unvoted,1
discrepancies,1
finalized,1
compute,1
corruption,1
discriminatory,1
creative,1
voter,1
responses,1
outline,1
count,1
manpower,1
correction,1
disseminated,1
activist,1
securitize,1
exacerbating,1
quarter,1
syndications,1
acquires,1
authorizes,1
repayment,1
securitizes,1
mortgages,1
sells,1
repackages,1
tranches,1
exceeds,1
originator,1
broadcasts,1
infractions,1
restricts,1
hypothecation,1
aiding,1
rated,1
percentages,1
unproven,1
collateralized,1
perpetuity,1
normalization,1
repurchase,1
terminates,1
violate,1
histories,1
library,1
charting,1
broadridge,1
instigates,1
versa,1
validating,1
shortly,1
interim,1
inconsistently,1
confirmations,1
netting,1
dollars,1
commands,1
batching,1
constant,1
timelines,1
transitioning,1
