financial,933
identity,585
customers,584
data,545
institutions,528
market,496
services,486
platforms,422
customer,411
digital,388
bank,374
traditional,370
key,367
risk,342
insurance,338
products,336
investors,306
alternative,304
payment,302
investment,296
banks,286
economic,279
payments,275
forum,273
capital,264
implications,263
uncertainties,259
future,252
time,251
access,246
systems,241
providers,234
management,232
based,227
insurers,224
transactions,223
processes,222
system,213
findings,212
lending,211
provide,210
dlt,205
technology,204
process,204
potential,198
business,198
regulatory,198
state,195
scenario,195
opportunities,189
risks,188
large,187
states,184
user,183
regulators,182
users,182
intermediaries,181
solutions,177
incumbents,175
high,173
asset,172
service,171
introduction,170
global,166
conclusion,165
platform,164
smart,158
fis,158
cost,152
credit,152
models,151
trade,150
industry,149
transfer,148
trading,148
real,147
transaction,144
funding,143
automated,142
markets,140
equity,139
product,138
case,138
individual,138
online,137
ecosystem,136
attributes,135
firms,134
infrastructure,131
scale,128
entities,127
ability,127
increased,126
mobile,125
current,123
wealth,121
role,119
assets,117
investor,117
deloitte,116
