,0
0,https://careers.huntington.com/en-US/job/J3V2NR6JL1JZ790D36L
1,https://careers.huntington.com/en-US/job/J3W7396NCDTVN2BGQPN
2,https://careers.huntington.com/en-US/job/J3M4VW79052VSRQLD93
3,https://careers.huntington.com/en-US/job/J3P64D79D6C783X92FC
4,https://careers.huntington.com/en-US/job/J3N3MH6GB798Q5RCYFH
5,https://careers.huntington.com/en-US/job/J3T0XW65WG9W0HG989K
6,https://careers.huntington.com/en-US/job/J3N1KN6Y2ZX574SH1ZZ
7,https://careers.huntington.com/en-US/job/J3M09F6HJHWBVGR4NFM
8,https://careers.huntington.com/en-US/job/J3M4WC6VZ8FFF2LPXTM
9,https://careers.huntington.com/en-US/job/J3M05B76XF2756NVYVS
10,https://careers.huntington.com/en-US/job/J3V311666DDYRL386FS
11,https://careers.huntington.com/en-US/job/J3P0PD6YBPGBK86G3CH
12,https://careers.huntington.com/en-US/job/J3W7QD6W2TG8SC3K9Z0
13,https://careers.huntington.com/en-US/job/J3S5QV6P3649JL4Q5NP
14,https://careers.huntington.com/en-US/job/J3R5JF76L1CGGLPW1QN
15,https://careers.huntington.com/en-US/job/J3Q13M69TK7TL6YJVDV
16,https://careers.huntington.com/en-US/job/J3N2FJ654WYT0F8NDW2
17,https://careers.huntington.com/en-US/job/J3P6HZ69MJB0WRBJN2X
18,https://careers.huntington.com/en-US/job/J3Q62Q642DFL0GYB2DT
19,https://careers.huntington.com/en-US/job/J3M2S95X2L11F4TLZYP
20,https://careers.huntington.com/en-US/job/J3R6GR6BXS7JFWGGD3V
21,https://careers.huntington.com/en-US/job/J3P8706HV9Z9XN3R6QW
22,https://careers.huntington.com/en-US/job/J3T2JC64R0ZF0DKMH1H
23,https://careers.huntington.com/en-US/job/J3N6N2750Y2W4RVQHQQ
24,https://careers.huntington.com/en-US/job/J3S2Z6773RKC9CD9TB4
25,https://careers.huntington.com/en-US/job/J3Q0VT744R68VDR6WQ4
26,https://careers.huntington.com/en-US/job/J3W1FL6RHRF0FGH3B1F
27,https://careers.huntington.com/en-US/job/J3P7L46N9KNPXZ3D1B8
28,https://careers.huntington.com/en-US/job/J3Q5MT60680Z4T810L9
29,https://careers.huntington.com/en-US/job/J3Q7D26MWJS9ZKHH167
30,https://careers.huntington.com/en-US/job/J3V77D6MTC02V5XGK75
31,https://careers.huntington.com/en-US/job/J3Q0SJ757KTLYWGGDC3
32,https://careers.huntington.com/en-US/job/J3Q6MR5W5WD79K6QSQ1
33,https://careers.huntington.com/en-US/job/J3S1NK6TYXHBTJ002W7
34,https://careers.huntington.com/en-US/job/J3N2B36HQ15QBJ9VKJY
35,https://careers.huntington.com/en-US/job/J3T0Z96BR8J41CX535R
36,https://careers.huntington.com/en-US/job/J3P6T8604RLGQ7306GK
37,https://careers.huntington.com/en-US/job/J3F4LQ66R8RGP81L2Y3
38,https://careers.huntington.com/en-US/job/J3R4Q16SFNTKR0TQ7Z3
39,https://careers.huntington.com/en-US/job/J3Q02T74PGFF42XFMPZ
40,https://careers.huntington.com/en-US/job/J3T1SQ6MDD0PZS1ZP1N
41,https://careers.huntington.com/en-US/job/J3Q6965ZX768BGFSMVZ
42,https://careers.huntington.com/en-US/job/J3M1JD6B6S3BF2B32TN
43,https://careers.huntington.com/en-US/job/J3N5986SC3NBB83SQ0C
44,https://careers.huntington.com/en-US/job/J3V7FJ70HP590WDW5JL
45,https://careers.huntington.com/en-US/job/J3S3C06Y90M8Z8V53HQ
46,https://careers.huntington.com/en-US/job/J3V6ZG705VSM27BLQNW
47,https://careers.huntington.com/en-US/job/J3N5P95Y99X9Q3LYJX6
48,https://careers.huntington.com/en-US/job/J3R2L46SGJY6GGJ91VN
49,https://careers.huntington.com/en-US/job/J3P2NL76GXTDTV6QVRT
50,https://careers.huntington.com/en-US/job/J3S3X06ZLMNCC61Y2D6
51,https://careers.huntington.com/en-US/job/J3T39G5WV95RSBB2WWC
52,https://careers.huntington.com/en-US/job/J3T2G574LNGWBNDJGM9
53,https://careers.huntington.com/en-US/job/J3N54B6CLSM3JDFFBP6
54,https://careers.huntington.com/en-US/job/J3W7J55XPMT7P0N9LWP
55,https://careers.huntington.com/en-US/job/J3S62S632B0XF1BQVJ7
56,https://careers.huntington.com/en-US/job/J3R14B6GX79LDM9N7CT
57,https://careers.huntington.com/en-US/job/J3S8FW76MPNPZHSSNX2
58,https://careers.huntington.com/en-US/job/J3N1H16YSHQ7JRYVD52
59,https://careers.huntington.com/en-US/job/J3V5TS6RYYHQG0SXY47
60,https://careers.huntington.com/en-US/job/J3V30D783BRTD1FXVQ0
61,https://careers.huntington.com/en-US/job/J3V60V689MT1LQ6C7ND
62,https://careers.huntington.com/en-US/job/J3M06T6JCZTWQZQHTRV
63,https://careers.huntington.com/en-US/job/J3P899653SC52NNVR9K
64,https://careers.huntington.com/en-US/job/J3R1TW65JTGKDKR2TRK
65,https://careers.huntington.com/en-US/job/J3R4CN6WRKCLXWGKMCY
66,https://careers.huntington.com/en-US/job/J3V5SK6D4CRVBVVHG53
67,https://careers.huntington.com/en-US/job/J3S0Y66WWYZNPCYKWFZ
68,https://careers.huntington.com/en-US/job/J3Q6C46773WW3DRMQYC
69,https://careers.huntington.com/en-US/job/J3S7YS5YV3D4G6L30F3
70,https://careers.huntington.com/en-US/job/J3P7GK6FPK8PFGJJWXL
71,https://careers.huntington.com/en-US/job/J3Q00W5YD7ZT49G8VN0
72,https://careers.huntington.com/en-US/job/J3S1K86NKQ8RTQZ4KJG
73,https://careers.huntington.com/en-US/job/J3N12C74FNWSRYR7GDQ
74,https://careers.huntington.com/en-US/job/J3W4QM6RR7R8PVTWN3R
75,https://careers.huntington.com/en-US/job/J3Q44664J7P8FWM7RRJ
76,https://careers.huntington.com/en-US/job/J3S0Z75YHHFL9J18YH5
77,https://careers.huntington.com/en-US/job/J3V22H6CWQKJ4ZFZ54X
78,https://careers.huntington.com/en-US/job/J3M19X5YTLVFT1CB87Q
79,https://careers.huntington.com/en-US/job/J3V2WK72JH0P374TBLT
80,https://careers.huntington.com/en-US/job/J3V6YG6QXXSQCCL1HZ4
81,https://careers.huntington.com/en-US/job/J3W2HW6LR9KJ0RL414L
82,https://careers.huntington.com/en-US/job/J3T37K5XPT27PWQPRR3
83,https://careers.huntington.com/en-US/job/J3S5LB6RCN8K6MN84YJ
84,https://careers.huntington.com/en-US/job/J3T1705VXD5L58ZV730
85,https://careers.huntington.com/en-US/job/J3V87477753XN69CM2S
86,https://careers.huntington.com/en-US/job/J3V0NJ67RBRJGHBG873
87,https://careers.huntington.com/en-US/job/J3P1YY70KQN76HH89NC
88,https://careers.huntington.com/en-US/job/J3T3L55ZY02JRQDCTCB
89,https://careers.huntington.com/en-US/job/J3V5TY730180RVF7GKY
90,https://careers.huntington.com/en-US/job/J3P1906CM6D7VG19QL1
91,https://careers.huntington.com/en-US/job/J3P7WS72TBPM1TWDR5S
92,https://careers.huntington.com/en-US/job/J3W5YR6FHH92MH5WQNN
93,https://careers.huntington.com/en-US/job/J3Q7NG644VN62RR5JVB
94,https://careers.huntington.com/en-US/job/J3J1M1657WH7GB6Y29C
95,https://careers.huntington.com/en-US/job/J3S48Z6PWN4Z1XDBFL7
96,https://careers.huntington.com/en-US/job/J3Q5FB72M9Z4H8VF0D7
97,https://careers.huntington.com/en-US/job/J3Q6DH731L9ZB259BMV
98,https://careers.huntington.com/en-US/job/J3N7D95WMGW6R63YPQM
99,https://careers.huntington.com/en-US/job/J3R7WY71QX8KPJPW8X7
100,https://careers.huntington.com/en-US/job/J3T6DN6X65DX1JBLQL2
101,https://careers.huntington.com/en-US/job/J3S38X6NFWT74GKLQYM
102,https://careers.huntington.com/en-US/job/J3R7R465P8T08N0FJPN
103,https://careers.huntington.com/en-US/job/J3N2PF76VNKGXX5BJ6Z
104,https://careers.huntington.com/en-US/job/J3T6PT62J1CNW3QS1S1
105,https://careers.huntington.com/en-US/job/J3V2SD63R6FRGY6B91D
106,https://careers.huntington.com/en-US/job/J3N0BM77W5JG95V133H
107,https://careers.huntington.com/en-US/job/J3N4JF6QR9WL8ND79C4
108,https://careers.huntington.com/en-US/job/J3S1W466FGMP6D5RTJ0
109,https://careers.huntington.com/en-US/job/J3P0JW6JYQ6ZV5PF2TK
110,https://careers.huntington.com/en-US/job/J3W66J6Z98DYZKQ89RC
111,https://careers.huntington.com/en-US/job/J3N1XG6KZQ64WKFTGRK
112,https://careers.huntington.com/en-US/job/J3T40461LG2NXDLBBMV
113,https://careers.huntington.com/en-US/job/J3W6C76S8BWCNVSPK9F
114,https://careers.huntington.com/en-US/job/J3R5R063V5D58R1RSD3
115,https://careers.huntington.com/en-US/job/J3R0T46M8DZDZG88D7L
116,https://careers.huntington.com/en-US/job/J3W0GK6G7XPBRPKJD1B
117,https://careers.huntington.com/en-US/job/J3N0L56K7NZNF1SGFH4
118,https://careers.huntington.com/en-US/job/J3R4176WGQBRNLNH25K
119,https://careers.huntington.com/en-US/job/J3T8G4718XJRF0495TR
120,https://careers.huntington.com/en-US/job/J3R39576CYFS7M7Q2JY
121,https://careers.huntington.com/en-US/job/J3T0X26L37X6C7MJXNV
122,https://careers.huntington.com/en-US/job/J3P6XW78NNJMGQ06ZZ9
123,https://careers.huntington.com/en-US/job/J3M1WD6PM4L8ZNDVD0K
124,https://careers.huntington.com/en-US/job/J3R4T96G64WPMWKGX4C
125,https://careers.huntington.com/en-US/job/J3N7L877D49FK4XBLV9
126,https://careers.huntington.com/en-US/job/J3M6JS62WMTCD0BNXW6
127,https://careers.huntington.com/en-US/job/J3S3CS5W5MGQZJ68P09
128,https://careers.huntington.com/en-US/job/J3P39L68YHTLLFNSQST
129,https://careers.huntington.com/en-US/job/J3N8H25Z6BMW7TMS0Y7
130,https://careers.huntington.com/en-US/job/J3N55660XWG3Q1D1KRX
131,https://careers.huntington.com/en-US/job/J3T8BN6643MRQ62XHCV
132,https://careers.huntington.com/en-US/job/J3V514610LT6CFSDK49
133,https://careers.huntington.com/en-US/job/J3S100776FJZJ5HCSHH
134,https://careers.huntington.com/en-US/job/J3T4LZ74MZPT3TC04B5
135,https://careers.huntington.com/en-US/job/J3W4DR6RGRPXCYL4X3L
136,https://careers.huntington.com/en-US/job/J3V1136YFJRDPH5S6LG
137,https://careers.huntington.com/en-US/job/J3T8D575X1KGK9V8XQW
138,https://careers.huntington.com/en-US/job/J3T77771B1042Q3GPN3
139,https://careers.huntington.com/en-US/job/J3Q86D79PV2HGVVXH6L
140,https://careers.huntington.com/en-US/job/J3V0CW7013C52D91DH5
141,https://careers.huntington.com/en-US/job/J3S5Z179BHYK2NS8PPM
142,https://careers.huntington.com/en-US/job/J3P0DR6X6CM8N9MPJX4
143,https://careers.huntington.com/en-US/job/J3N5CQ6CQYDWXLFBF1V
144,https://careers.huntington.com/en-US/job/J3W88D6PS3V6ZQMVCZJ
145,https://careers.huntington.com/en-US/job/J3M3B4608DN1MBRTD0X
146,https://careers.huntington.com/en-US/job/J3R5V473FRR1XT9LDYZ
147,https://careers.huntington.com/en-US/job/J3Q1J76C0PLGGPXLXM4
148,https://careers.huntington.com/en-US/job/J3W8HS72YGS0PKQVMNM
149,https://careers.huntington.com/en-US/job/J3T08V7101CPX05KKP5
150,https://careers.huntington.com/en-US/job/J3P4X368W3J8HGZJZJ5
151,https://careers.huntington.com/en-US/job/J3R5RC78W8NDZ0QLFLQ
152,https://careers.huntington.com/en-US/job/J3T7M071C5BKRJVZ79V
153,https://careers.huntington.com/en-US/job/J3M0DW6ZJG5DMNP21G6
154,https://careers.huntington.com/en-US/job/J3W0T563Y7KXV76N9XR
155,https://careers.huntington.com/en-US/job/J3W5T06DV5JP7PMDQFT
156,https://careers.huntington.com/en-US/job/J3P00Z6ZVYBHM89CV8F
157,https://careers.huntington.com/en-US/job/J3P10Y6VG50XJPDQLFZ
158,https://careers.huntington.com/en-US/job/J3N1QX5VJJ0TPRTZ6X6
159,https://careers.huntington.com/en-US/job/J3S61X5XLLJW8Y7Y83N
160,https://careers.huntington.com/en-US/job/J3T0F36YFVHBTF46NC0
161,https://careers.huntington.com/en-US/job/J3T6LN6V68JHQ7TH4ZL
162,https://careers.huntington.com/en-US/job/J3R3C668KP3Z9QJRM73
163,https://careers.huntington.com/en-US/job/J3Q01F6N7RN33MGGQSL
164,https://careers.huntington.com/en-US/job/J3V37Q79TYP1427YMH2
165,https://careers.huntington.com/en-US/job/J3T57D77D96NY3HXR2J
166,https://careers.huntington.com/en-US/job/J3R4C279NWMZRK3SQ07
167,https://careers.huntington.com/en-US/job/J3V4DH6SZ25GVM06KWJ
168,https://careers.huntington.com/en-US/job/J3W1QQ5W3BNKD2DYN5P
169,https://careers.huntington.com/en-US/job/J3R8746YWNC4RKPCCYR
170,https://careers.huntington.com/en-US/job/J3N08V75DLH5JLFKW2R
171,https://careers.huntington.com/en-US/job/J3M0Q66VTBXM2XZQCFV
172,https://careers.huntington.com/en-US/job/J3N3NQ6ZNRM53DHBFNV
173,https://careers.huntington.com/en-US/job/J3R71Z6WBGS19D2WMH5
174,https://careers.huntington.com/en-US/job/J3P4Q65W33S0NVRM187
175,https://careers.huntington.com/en-US/job/J3P76N72XK8J8S6Z8Z6
176,https://careers.huntington.com/en-US/job/J3W2Q86MQFQ8HNXV7WN
177,https://careers.huntington.com/en-US/job/J3P63P6TTK31P7YS2LL
178,https://careers.huntington.com/en-US/job/J3Q3XR642H1X7K9HDFR
179,https://careers.huntington.com/en-US/job/J3T54B6DFQXFH108RRV
180,https://careers.huntington.com/en-US/job/J3V0WQ5Z4X777LK3JQH
181,https://careers.huntington.com/en-US/job/J3T1WQ5VS6JVWVCHB1Y
182,https://careers.huntington.com/en-US/job/J3V2QC6FC6DDYHR575C
183,https://careers.huntington.com/en-US/job/J3R1RK6WP2LY0NMMX83
184,https://careers.huntington.com/en-US/job/J3Q47D71WV1FY0VNR4S
185,https://careers.huntington.com/en-US/job/J3T06N67Y60RYFZXJW2
186,https://careers.huntington.com/en-US/job/J3M4HW5ZZNL5DDV2WMK
187,https://careers.huntington.com/en-US/job/J3Q2KX6MRK29ZDC3BW5
188,https://careers.huntington.com/en-US/job/J3R5LJ6GXQWM6CB3P4V
189,https://careers.huntington.com/en-US/job/J3Q14V6KFCDWNSRN9XY
190,https://careers.huntington.com/en-US/job/J3N81B65YNMQVP2RCNV
191,https://careers.huntington.com/en-US/job/J3W2SV6FGSWPLRHQ5R6
192,https://careers.huntington.com/en-US/job/J3W3KH74S2Q108BVSV0
193,https://careers.huntington.com/en-US/job/J3M4XW6V87L24FZW4T9
194,https://careers.huntington.com/en-US/job/J3W4W96WW1Q9C3DQ5LL
195,https://careers.huntington.com/en-US/job/J3T6FR5ZCGNW0VCXNNW
196,https://careers.huntington.com/en-US/job/J3P6CL6GDS6K08WRCZX
197,https://careers.huntington.com/en-US/job/J3S7YJ6F6SBH5M4W90Y
198,https://careers.huntington.com/en-US/job/J3N440737HG36W7PWBM
199,https://careers.huntington.com/en-US/job/J3T83H71TW9LK4X6C3R
200,https://careers.huntington.com/en-US/job/J3V5J06HWX0VC8MR2R5
201,https://careers.huntington.com/en-US/job/J3V83469WSJ26G5SKT2
202,https://careers.huntington.com/en-US/job/J3Q6YV73YB4K3ZPL2QY
203,https://careers.huntington.com/en-US/job/J3Q78D64L69ZSZC8L04
204,https://careers.huntington.com/en-US/job/J3V10X71P5VMD822MNG
205,https://careers.huntington.com/en-US/job/J3R0LV6660Q49H36P1H
206,https://careers.huntington.com/en-US/job/J3R5DB6WCGN5FGNNGLX
207,https://careers.huntington.com/en-US/job/J3V7X76M6GNY4L58XMM
208,https://careers.huntington.com/en-US/job/J3Q5FG66P8ZTL7435LH
209,https://careers.huntington.com/en-US/job/J3Q35276K1RFRZ7QM81
210,https://careers.huntington.com/en-US/job/J3T15S6FDHTPSNKN534
211,https://careers.huntington.com/en-US/job/J3Q03N707XMY6X2R4PV
212,https://careers.huntington.com/en-US/job/J3P2KF7025L55LKM206
213,https://careers.huntington.com/en-US/job/J3M0R66DXYHLFTF5XF5
214,https://careers.huntington.com/en-US/job/J3W6ZG619N6T7BMK5LX
215,https://careers.huntington.com/en-US/job/J3N69P6MF1RGQ707332
216,https://careers.huntington.com/en-US/job/J3M4KJ77DJRPMPJ745G
217,https://careers.huntington.com/en-US/job/J3M0JK6NQ86HVCDK6KG
218,https://careers.huntington.com/en-US/job/J3P2GS6YQ0Q9W1KR5TD
219,https://careers.huntington.com/en-US/job/J3N4BP6VG1J271VLVKM
220,https://careers.huntington.com/en-US/job/J3W1526RQ16PDS37QHQ
221,https://careers.huntington.com/en-US/job/J3W7R372B94CF3NL4MK
222,https://careers.huntington.com/en-US/job/J3Q58071MFY86GPD4RP
223,https://careers.huntington.com/en-US/job/J3P2L96H64J7RYZCNFS
224,https://careers.huntington.com/en-US/job/J3V5D35VVB6PT1C73QH
225,https://careers.huntington.com/en-US/job/J3N80C61TFM4865Q8TB
226,https://careers.huntington.com/en-US/job/J3Q5JV6ZYYL7SJ9MK0H
227,https://careers.huntington.com/en-US/job/J3R30M76MRWX8Q6RM82
228,https://careers.huntington.com/en-US/job/J3P1PY6M6P9DDB3873V
229,https://careers.huntington.com/en-US/job/J3W2846RGTFC4CXLZ15
230,https://careers.huntington.com/en-US/job/J3P7SR6Z4DWZDV3BQ6D
231,https://careers.huntington.com/en-US/job/J3R3VN6J1RS4RBDKVML
232,https://careers.huntington.com/en-US/job/J3M2636GD59NM0R355J
233,https://careers.huntington.com/en-US/job/J3V53871YJXP664NCQP
234,https://careers.huntington.com/en-US/job/J3T0W66Y9HN8448FPY8
235,https://careers.huntington.com/en-US/job/J3P7P46202646JVQF3N
236,https://careers.huntington.com/en-US/job/J3N87C6YWJK69CBVJ4Y
237,https://careers.huntington.com/en-US/job/J3P7G86ZP709NRY34B2
238,https://careers.huntington.com/en-US/job/J3S2445ZHGBF480W7GN
239,https://careers.huntington.com/en-US/job/J3S8386W1PDRB6QRC9Q
240,https://careers.huntington.com/en-US/job/J3S5HK6LT1RXTD86744
241,https://careers.huntington.com/en-US/job/J3M30Q61RGD5Y1P30KW
242,https://careers.huntington.com/en-US/job/J3S5XW61F9VYXBCL71N
243,https://careers.huntington.com/en-US/job/J3W0226HWNJRRJZ7KFV
244,https://careers.huntington.com/en-US/job/J3M2DF62LP5LFRQ9NL8
245,https://careers.huntington.com/en-US/job/J3T2SM6LHNCF6V7Z8K4
246,https://careers.huntington.com/en-US/job/J3M7ZX6VN8VVRKT8FK8
247,https://careers.huntington.com/en-US/job/J3V5PG6LMXRQZJ0266H
248,https://careers.huntington.com/en-US/job/J3N4DW64NX6FGJFWSM7
249,https://careers.huntington.com/en-US/job/J3T07V65DWYVF88VR8X
250,https://careers.huntington.com/en-US/job/J3S5QG5ZF69G661MTFJ
251,https://careers.huntington.com/en-US/job/J3R1ND6CBZPG08W9172
252,https://careers.huntington.com/en-US/job/J3R8F270GQ3MGZ35QHG
253,https://careers.huntington.com/en-US/job/J3M3D96SKFT19V8D8RW
254,https://careers.huntington.com/en-US/job/J3P77Q72212CX89R15F
255,https://careers.huntington.com/en-US/job/J3V3PX6FQCSLKT9BMC9
256,https://careers.huntington.com/en-US/job/J3W3YY5Z9SL3NCVXSW6
257,https://careers.huntington.com/en-US/job/J3S4KV6P6HDWW5P4VTX
258,https://careers.huntington.com/en-US/job/J3Q8836FM3Z4GX4TG9G
259,https://careers.huntington.com/en-US/job/J3P4DB73HCG80NG6LQ3
260,https://careers.huntington.com/en-US/job/J3P109656P3W7PXX1KJ
261,https://careers.huntington.com/en-US/job/J3W5026LF19Z4M6X6VT
262,https://careers.huntington.com/en-US/job/J3V1N25VNZ8RQMJ99M5
263,https://careers.huntington.com/en-US/job/J3M5LZ6SJ6RLTQQS6YM
264,https://careers.huntington.com/en-US/job/J3P88J602K494V9MDVJ
265,https://careers.huntington.com/en-US/job/J3W71D73V6NFBF48XRR
266,https://careers.huntington.com/en-US/job/J3W1DZ61N0LM0H4BH6V
267,https://careers.huntington.com/en-US/job/J3T09R6YRD6XNLVNNT6
268,https://careers.huntington.com/en-US/job/J3M0G06P2LM2PL7TZCH
269,https://careers.huntington.com/en-US/job/J3V6CV5WZD7CLTXHKSC
270,https://careers.huntington.com/en-US/job/J3N2WB6RS5YT2JB95QZ
271,https://careers.huntington.com/en-US/job/J3T6W96SFLLB2WNW8L4
272,https://careers.huntington.com/en-US/job/J3N39G75423VXR1TG9P
273,https://careers.huntington.com/en-US/job/J3S6JS6W8J67G21H615
274,https://careers.huntington.com/en-US/job/J3S2X25XTKMG23MD0DJ
275,https://careers.huntington.com/en-US/job/J3V8266TNNRNL0238VR
276,https://careers.huntington.com/en-US/job/J3S2916MLPQJDNB3BMR
277,https://careers.huntington.com/en-US/job/J3S2NX67WF90HSKWJTP
278,https://careers.huntington.com/en-US/job/J3T53R6GG36F7BCD9T0
279,https://careers.huntington.com/en-US/job/J3N1FL6M2V4R9FT07M5
280,https://careers.huntington.com/en-US/job/J3Q4M86J55C04RZVB41
281,https://careers.huntington.com/en-US/job/J3W6155XZ1RBHL84CW9
282,https://careers.huntington.com/en-US/job/J3W0QD66TFFF5G4CYJ1
283,https://careers.huntington.com/en-US/job/J3N6RD6XLPQXBW4QR14
284,https://careers.huntington.com/en-US/job/J3R20Z6Y036KWJ4LNSL
285,https://careers.huntington.com/en-US/job/J3T31Y6C682G9RVBG8Y
286,https://careers.huntington.com/en-US/job/J3S5GR631QR5RRM1BZD
287,https://careers.huntington.com/en-US/job/J3Q38Q70NTK0S1NV4FQ
288,https://careers.huntington.com/en-US/job/J3T28X6WVYL0H1WHL12
289,https://careers.huntington.com/en-US/job/J3M8BF5ZDKBPDVB16TC
290,https://careers.huntington.com/en-US/job/J3M1FY6CDKDZ0L52HQD
291,https://careers.huntington.com/en-US/job/J3S36X7223CG8SM29HL
292,https://careers.huntington.com/en-US/job/J3V1B56LLSL0LCMG8XL
293,https://careers.huntington.com/en-US/job/J3W3T66GFNNN8SPJ8NP
294,https://careers.huntington.com/en-US/job/J3S6YX62BGT4KSQZLV1
295,https://careers.huntington.com/en-US/job/J3N4Q75Y8G5HL57VY7B
296,https://careers.huntington.com/en-US/job/J3P1446268X0JLJ8T80
297,https://careers.huntington.com/en-US/job/J3P3FM67TMNFQGC61TS
298,https://careers.huntington.com/en-US/job/J3S1ND6DGVPS0VCR003
299,https://careers.huntington.com/en-US/job/J3S2NW5Z80FM1B5460F
